type,name,module,path,hash
"yaml","manifest","_config","_config/manifest.yaml","fcdfa43204e2ddcdf8c277356fb1c6bbc981cc526538e483e08635201f3e8934"
"csv","documentation-requirements","bmm","bmm/1-analysis/bmad-document-project/documentation-requirements.csv","d1253b99e88250f2130516b56027ed706e643bfec3d99316727a4c6ec65c6c1d"
"csv","module-help","bmm","bmm/module-help.csv","f89582557a7d85d8877c4c1b8ff037881fb5b8a05b7b46ec869e0a166a4d5f4b"
"html","validation-report-template","bmm","bmm/2-plan-workflows/bmad-prd/assets/validation-report-template.html","a80becdd8205d2d7c18738855830b096172a496b96b5ca8a0820ec55c9bb8bf9"
"html","validation-report-template","bmm","bmm/2-plan-workflows/bmad-ux/assets/validation-report-template.html","8656945636fabe96624f8ef8fce931b073b5aecbe42d490584c1d5c7f31e1353"
"json","bmad-manifest","bmm","bmm/1-analysis/bmad-prfaq/bmad-manifest.json","7908cab6f0cd66f1f3427b4cc659975b4737bdc44f789b23c6a895fcd084c4bc"
"json","project-scan-report-schema","bmm","bmm/1-analysis/bmad-document-project/templates/project-scan-report-schema.json","8466965321f1db22f5013869636199f67e0113706283c285a7ffbbf5efeea321"
"md","artifact-analyzer","bmm","bmm/1-analysis/bmad-prfaq/agents/artifact-analyzer.md","7bdc44830f8d593346ec0ee15e36e1e431432fcc6c38b70bb861999315c9cfa4"
"md","brief-template","bmm","bmm/1-analysis/bmad-product-brief/assets/brief-template.md","bb28edf75d023067551c8d417b19b8803324e7acfb2ad0c80f882e9134f4c1f1"
"md","case-file-template","bmm","bmm/4-implementation/bmad-investigate/references/case-file-template.md","9dccb41f3f3fc796b42411966e51b32c4231aaceb4b6bb1880a16225a990002e"
"md","checklist","bmm","bmm/1-analysis/bmad-document-project/checklist.md","581b0b034c25de17ac3678db2dbafedaeb113de37ddf15a4df6584cf2324a7d7"
"md","checklist","bmm","bmm/4-implementation/bmad-correct-course/checklist.md","3e082b95def90ccb876e3101ce0bbaf797a0f03a9471e1347361897f27977327"
"md","checklist","bmm","bmm/4-implementation/bmad-create-story/checklist.md","b94e28e774c3be0288f04ea163424bece4ddead5cd3f3680d1603ed07383323a"
"md","checklist","bmm","bmm/4-implementation/bmad-dev-story/checklist.md","630b68c6824a8785003a65553c1f335222b17be93b1bd80524c23b38bde1d8af"
"md","checklist","bmm","bmm/4-implementation/bmad-qa-generate-e2e-tests/checklist.md","b58f810aeb1040c2f6758c88aa133afce72f8cc178d3d97ff0fbaa3d943057dc"
"md","checklist","bmm","bmm/4-implementation/bmad-sprint-planning/checklist.md","11b0b1ff20657b8e7d1f3377a88f102446112f617f5d0e91ab1595a977714a97"
"md","color-themes","bmm","bmm/2-plan-workflows/bmad-ux/assets/color-themes.md","48fac7943e8584ccf7dd1bcdfdfd4513366a086a3a84965b6b302ccf6607c171"
"md","compile-epic-context","bmm","bmm/4-implementation/bmad-quick-dev/compile-epic-context.md","5cfda02f252941e415b80c57b4528f46226b3cbf456ad45d78fcb5a7ef4816e2"
"md","creative-tools","bmm","bmm/2-plan-workflows/bmad-ux/references/creative-tools.md","349b6b5e8353c2fa1efe7caa49cca50577900f55f32005ccd6f7b43e4daec558"
"md","customer-faq","bmm","bmm/1-analysis/bmad-prfaq/references/customer-faq.md","96f8565197649c58908a1d61b6cd805fd01f57da7945ba889c18d087ad597aeb"
"md","deep-dive-instructions","bmm","bmm/1-analysis/bmad-document-project/workflows/deep-dive-instructions.md","a79e24b93a25ab456062916a9dad7b6a16dc43ac0b4b555700d3c3751cff0d25"
"md","deep-dive-template","bmm","bmm/1-analysis/bmad-document-project/templates/deep-dive-template.md","6198aa731d87d6a318b5b8d180fc29b9aa53ff0966e02391c17333818e94ffe9"
"md","deep-dive-workflow","bmm","bmm/1-analysis/bmad-document-project/workflows/deep-dive-workflow.md","a64d98dfa3b771df2853c4fa19a4e9c90d131e409e13b4c6f5e494d6ac715125"
"md","design-directions","bmm","bmm/2-plan-workflows/bmad-ux/assets/design-directions.md","eab73b948da76a27abc908e1e7d6b124e8ff0362e6dd1990f7e60b9541cbcb98"
"md","design-example-editorial","bmm","bmm/2-plan-workflows/bmad-ux/assets/design-example-editorial.md","a659166845b1a4ed3f9aef942c5935537a97382b10303684fbb78ed86265870e"
"md","design-example-mobile","bmm","bmm/2-plan-workflows/bmad-ux/assets/design-example-mobile.md","a93fb9f114f2e83af0c961c0d7909b3859fc80bcd713715517cd639a53a0372a"
"md","design-example-shadcn","bmm","bmm/2-plan-workflows/bmad-ux/assets/design-example-shadcn.md","25e0dfb2bb21483973a8f0a6ed650288b3dc2ae5ed02aa0f091bb9b6b0b39fc0"
"md","design-md-spec","bmm","bmm/2-plan-workflows/bmad-ux/references/design-md-spec.md","d04d5f663607aba3f3181e818ae33856e6caf5e560dcb16fa64ed80b7cf3d590"
"md","discover-inputs","bmm","bmm/4-implementation/bmad-create-story/discover-inputs.md","dfedba6a8ea05c9a91c6d202c4b29ee3ea793d8ef77575034787ae0fef280507"
"md","epics-template","bmm","bmm/3-solutioning/bmad-create-epics-and-stories/templates/epics-template.md","a804f740155156d89661fa04e7a4264a8f712c4dc227c44fd8ae804a9b0f6b72"
"md","excalidraw-wireframe","bmm","bmm/2-plan-workflows/bmad-ux/assets/excalidraw-wireframe.md","660bbcdebff50cd044a3752eda43f3cb303aca4b0f521b55a270da93b89ddb18"
"md","experience-example-mobile","bmm","bmm/2-plan-workflows/bmad-ux/assets/experience-example-mobile.md","f8cd54c92193cd8c34a472df9c212ac7330976f6a115b729721dcb60034dc4f0"
"md","experience-example-shadcn","bmm","bmm/2-plan-workflows/bmad-ux/assets/experience-example-shadcn.md","d6ca16e87b768e8b41f352c02ee08af21d7cdac04ca21e6ae1556864b4d27590"
"md","explain-concept","bmm","bmm/1-analysis/bmad-agent-tech-writer/explain-concept.md","6ea82dbe4e41d4bb8880cbaa62d936e40cef18f8c038be73ae6e09c462abafc9"
"md","full-scan-instructions","bmm","bmm/1-analysis/bmad-document-project/workflows/full-scan-instructions.md","2235945df2ae261265187447ce593238e132a026a9b88d3507a1f1d6808a0263"
"md","full-scan-workflow","bmm","bmm/1-analysis/bmad-document-project/workflows/full-scan-workflow.md","3bff88a392c16602bd44730f32483505e73e65e46e82768809c13a0a5f55608b"
"md","generate-trail","bmm","bmm/4-implementation/bmad-checkpoint-preview/generate-trail.md","4a5936d86fbe5a85285b4535097b1e2edda8849da35586f4b588a982d7224459"
"md","headless","bmm","bmm/2-plan-workflows/bmad-prd/references/headless.md","4dad58ebee63933a53179016513ff94d143ce9f68e226489d390e2c36bf1d848"
"md","headless","bmm","bmm/2-plan-workflows/bmad-ux/references/headless.md","8da7e23d269b1644f45b5104a243a6a27fd8d075aebb95d9b7752f0d143f0f5d"
"md","headless","bmm","bmm/3-solutioning/bmad-architecture/references/headless.md","4db2708f335c94cb024b5eba022b1e3d88b1ec61c94c4716626d9b89684f5833"
"md","headless-schemas","bmm","bmm/2-plan-workflows/bmad-prd/assets/headless-schemas.md","8d3621333a72400512bd62511bc4c73fc745711505e1f852c697ff8c5fa2de93"
"md","headless-schemas","bmm","bmm/2-plan-workflows/bmad-ux/assets/headless-schemas.md","e3a773dde85286f1a6f6dd8b26fc17e09ccea96f6257dfe7fb436353cd79242d"
"md","index-template","bmm","bmm/1-analysis/bmad-document-project/templates/index-template.md","42c8a14f53088e4fda82f26a3fe41dc8a89d4bcb7a9659dd696136378b64ee90"
"md","instructions","bmm","bmm/1-analysis/bmad-document-project/instructions.md","9f4bc3a46559ffd44289b0d61a0f8f26f829783aa1c0e2a09dfa807fa93eb12f"
"md","internal-faq","bmm","bmm/1-analysis/bmad-prfaq/references/internal-faq.md","26eb83f844cda1ed8efb50f4703d61713ada8a64bd27eb387f759f858b5748de"
"md","key-screens","bmm","bmm/2-plan-workflows/bmad-ux/assets/key-screens.md","ff1c5060673dd595edd61e76806bae876264ec6895c2eaadf8a6190785bf5f7b"
"md","mermaid-gen","bmm","bmm/1-analysis/bmad-agent-tech-writer/mermaid-gen.md","1d83fcc5fa842bc31ecd9fd7e45fbf013fabcadf0022d3391fff5b53b48e4b5d"
"md","prd-template","bmm","bmm/2-plan-workflows/bmad-prd/assets/prd-template.md","41e77bd5c4ee81c3f383b55d6f515147afc9c4bd1a3317ddf55a9282deae495c"
"md","prd-validation-checklist","bmm","bmm/2-plan-workflows/bmad-prd/assets/prd-validation-checklist.md","41d9f09064772a92ec908d970618e47ba63dc86b5c5a1a21d5a2c676d3ba8e3f"
"md","press-release","bmm","bmm/1-analysis/bmad-prfaq/references/press-release.md","c406adb0e2d2cc326cbc45d0174f89d014523448ad82bc272293999d22aec596"
"md","prfaq-template","bmm","bmm/1-analysis/bmad-prfaq/assets/prfaq-template.md","b27e6964f0437ab4e78c8c0ffbe5052c28e3b3ef2fc811726cbb394d5a5c7559"
"md","project-context-template","bmm","bmm/3-solutioning/bmad-generate-project-context/project-context-template.md","54e351394ceceb0ac4b5b8135bb6295cf2c37f739c7fd11bb895ca16d79824a5"
"md","project-overview-template","bmm","bmm/1-analysis/bmad-document-project/templates/project-overview-template.md","a7c7325b75a5a678dca391b9b69b1e3409cfbe6da95e70443ed3ace164e287b2"
"md","readiness-report-template","bmm","bmm/3-solutioning/bmad-check-implementation-readiness/templates/readiness-report-template.md","0da97ab1e38818e642f36dc0ef24d2dae69fc6e0be59924dc2dbf44329738ff6"
"md","research.template","bmm","bmm/1-analysis/research/bmad-domain-research/research.template.md","507bb6729476246b1ca2fca4693986d286a33af5529b6cd5cb1b0bb5ea9926ce"
"md","research.template","bmm","bmm/1-analysis/research/bmad-market-research/research.template.md","507bb6729476246b1ca2fca4693986d286a33af5529b6cd5cb1b0bb5ea9926ce"
"md","research.template","bmm","bmm/1-analysis/research/bmad-technical-research/research.template.md","507bb6729476246b1ca2fca4693986d286a33af5529b6cd5cb1b0bb5ea9926ce"
"md","reviewer-gate","bmm","bmm/3-solutioning/bmad-architecture/references/reviewer-gate.md","d32e32a3c1d59b5612b947004f3f6fef1117a13ce9f1ffa428d616e0b5d4db69"
"md","SKILL","bmm","bmm/1-analysis/bmad-agent-analyst/SKILL.md","fca38a404e79508ebc39235d0162bcb475b02407a913e3e5bd8c5526b2b261a6"
"md","SKILL","bmm","bmm/1-analysis/bmad-agent-tech-writer/SKILL.md","7544242ff68d0ddfd466274f40ae9f3b0ea06ee5f5f938f68f953e19b3598cd7"
"md","SKILL","bmm","bmm/1-analysis/bmad-document-project/SKILL.md","806d73f66a8f3f3e7b3cbd3b9a87ad4d8b9aabd3ff91f37c96edef36a17aa2b3"
"md","SKILL","bmm","bmm/1-analysis/bmad-prfaq/SKILL.md","353da1cc8837e880c7f41b636a1bd38086c56a91d59798b13f5d6168f0021de4"
"md","SKILL","bmm","bmm/1-analysis/bmad-product-brief/SKILL.md","0d569d109cd61a8056374d1f3f3980188407983772544ab81f4ff6b18e798508"
"md","SKILL","bmm","bmm/1-analysis/research/bmad-domain-research/SKILL.md","2308f7e21f78d7f2ed43d560dbcdbfa2af236d6a81988495f28baf0e81a03206"
"md","SKILL","bmm","bmm/1-analysis/research/bmad-market-research/SKILL.md","13f2c2148061dc6688c4c9d81b5e5b98fbfe4d7294eba0daa0cac5b17f7a0593"
"md","SKILL","bmm","bmm/1-analysis/research/bmad-technical-research/SKILL.md","290c5aec88886a623f620e59e43090d11791b0fade357bae2b9de9ae510d3159"
"md","SKILL","bmm","bmm/2-plan-workflows/bmad-agent-pm/SKILL.md","e2ebea0bf6ee158fcb9e62731a185983f2ac59f664940f4f4320cf10e1bbdf92"
"md","SKILL","bmm","bmm/2-plan-workflows/bmad-agent-ux-designer/SKILL.md","d780ae59b9fb7e3a94c5ffe4ec75f90942d4a9a3944af4b36c2d279fdd7801db"
"md","SKILL","bmm","bmm/2-plan-workflows/bmad-create-prd/SKILL.md","143c5c2d85734021db343ff3dbf143e804eddbf9fb519fb824b70f1a9154767d"
"md","SKILL","bmm","bmm/2-plan-workflows/bmad-edit-prd/SKILL.md","31ecfe3c16513d994e44e648a7f2d4f4a6ccf297ca6c1826aa68ef7b053e7ff2"
"md","SKILL","bmm","bmm/2-plan-workflows/bmad-prd/SKILL.md","85f0a3ea5fee06fcaef5ff34d6b194b265fe0d31ffd7610a9c9a0134bf0b21ce"
"md","SKILL","bmm","bmm/2-plan-workflows/bmad-ux/SKILL.md","250d2794f2b8e316bb1ba4666f0728970afd8a5d2707ac1cceac6c21e63730b6"
"md","SKILL","bmm","bmm/2-plan-workflows/bmad-validate-prd/SKILL.md","931439b8c84bc454d0596a1ad35d6583c1926c941f2928c54b31aea702c24b53"
"md","SKILL","bmm","bmm/3-solutioning/bmad-agent-architect/SKILL.md","82bbf22ff3a4571741c9339ae6b7c35676a6e26a3237ceca487abe85369e91a0"
"md","SKILL","bmm","bmm/3-solutioning/bmad-architecture/SKILL.md","a56c7a0abc45e1dba719ae5e66b7169a1098b403e7fd69b30c19f16c12cddc6a"
"md","SKILL","bmm","bmm/3-solutioning/bmad-check-implementation-readiness/SKILL.md","a7e12eae2bdb5a95cc0534e6d5bf58e7ce4b947327a494d475ef98e67f03718a"
"md","SKILL","bmm","bmm/3-solutioning/bmad-create-architecture/SKILL.md","4b1673582dc8e0957b559cece14f048c0c995874b79ad255f033b36b2b789eb0"
"md","SKILL","bmm","bmm/3-solutioning/bmad-create-epics-and-stories/SKILL.md","4ec9ec255c2c0e97ae912342ae1445318e672aa1c2a9e412806b7d7ef7d5a6a7"
"md","SKILL","bmm","bmm/3-solutioning/bmad-generate-project-context/SKILL.md","f25e05d8c3923f331f96a73e6ba8bb8b055b5ca2aa548402a3b633141b8dea21"
"md","SKILL","bmm","bmm/4-implementation/bmad-agent-dev/SKILL.md","54ab6d9d60d7ed7e84d6510cf325734b66feb1b419131436672559584b4bf508"
"md","SKILL","bmm","bmm/4-implementation/bmad-checkpoint-preview/SKILL.md","34613078dbea9c55e45df016399328d8360579fd381301a5de78bb52c3597591"
"md","SKILL","bmm","bmm/4-implementation/bmad-code-review/SKILL.md","6fc1ba315657526ea2ca8a3e114a6dda23930b17790170afc28800fe28561d68"
"md","SKILL","bmm","bmm/4-implementation/bmad-correct-course/SKILL.md","5064ef2e7aedfb094bef912d5e4d6680318a1904d9bcdc7875d3dc16bb253ea4"
"md","SKILL","bmm","bmm/4-implementation/bmad-create-story/SKILL.md","692ab872ebaa197931d849a8d01fa28e86a9b3ee2f4acf79318bb3797a91e9aa"
"md","SKILL","bmm","bmm/4-implementation/bmad-dev-story/SKILL.md","f12801307b157f04d2bde7da104e1ebde3f2898bd3a60326da928d5b9fc793ac"
"md","SKILL","bmm","bmm/4-implementation/bmad-investigate/SKILL.md","c544661dd73d01728c8de8c96622d16b8e8ffe423352f04b2093d5d4b6a0274a"
"md","SKILL","bmm","bmm/4-implementation/bmad-qa-generate-e2e-tests/SKILL.md","9e78729569b2dc8e24e5f8eb016a851c4efd5c1920e2c91e0e3175fc6899d98d"
"md","SKILL","bmm","bmm/4-implementation/bmad-quick-dev/SKILL.md","0d3137f4928b2fa5bf51171d63c22e2b39230befa9cdd707da4b1d21167c06ee"
"md","SKILL","bmm","bmm/4-implementation/bmad-retrospective/SKILL.md","af09b92e4928bbc9e01382497e733ecc9312bf8c1ad680e4f4cc0c4a0ea34253"
"md","SKILL","bmm","bmm/4-implementation/bmad-sprint-planning/SKILL.md","aa828c5ceeb2aa875da324e358844700802c6ad8cb11a97cfb955f37209231de"
"md","SKILL","bmm","bmm/4-implementation/bmad-sprint-status/SKILL.md","a0dcb85d89cbbc6f20651412cf07ccc97f72f605915f03ee70208cc91fb705e9"
"md","source-tree-template","bmm","bmm/1-analysis/bmad-document-project/templates/source-tree-template.md","109bc335ebb22f932b37c24cdc777a351264191825444a4d147c9b82a1e2ad7a"
"md","spec-template","bmm","bmm/4-implementation/bmad-quick-dev/spec-template.md","3ee15d5a63cf5eeee74149c590668fc61d0e44023eac12988a1ca2a9438a9d39"
"md","spine-template","bmm","bmm/3-solutioning/bmad-architecture/assets/spine-template.md","ef4ff795624eb5439fae54a06edb389feb5a0cf79cb01ae007af51109335d198"
"md","step-01-clarify-and-route","bmm","bmm/4-implementation/bmad-quick-dev/step-01-clarify-and-route.md","b5eb9f0cecf2a462885b8e7b4c21abbaec1e95c8abbd76bc410d9090fd8379f0"
"md","step-01-discover","bmm","bmm/3-solutioning/bmad-generate-project-context/steps/step-01-discover.md","8b2c8c7375f8a3c28411250675a28c0d0a9174e6c4e67b3d53619888439c4613"
"md","step-01-document-discovery","bmm","bmm/3-solutioning/bmad-check-implementation-readiness/steps/step-01-document-discovery.md","c763b512d55906122433cb65c1bcd5b5b283e45eacdc07281c8ec7596b6b3980"
"md","step-01-gather-context","bmm","bmm/4-implementation/bmad-code-review/steps/step-01-gather-context.md","d0ee7558605e9d48b5b6f15d9b535542eb6d922613f529bb520326eacade4171"
"md","step-01-init","bmm","bmm/1-analysis/research/bmad-domain-research/domain-steps/step-01-init.md","efee243f13ef54401ded88f501967b8bc767460cec5561b2107fc03fe7b7eab1"
"md","step-01-init","bmm","bmm/1-analysis/research/bmad-market-research/steps/step-01-init.md","64d5501aea0c0005db23a0a4d9ee84cf4e9239f553c994ecc6b1356917967ccc"
"md","step-01-init","bmm","bmm/1-analysis/research/bmad-technical-research/technical-steps/step-01-init.md","c9a1627ecd26227e944375eb691e7ee6bc9f5db29a428a5d53e5d6aef8bb9697"
"md","step-01-orientation","bmm","bmm/4-implementation/bmad-checkpoint-preview/step-01-orientation.md","d9e3b949c36d49a025f3535773af2b51888fe4ce616b6d6d69683a122716b1d2"
"md","step-01-validate-prerequisites","bmm","bmm/3-solutioning/bmad-create-epics-and-stories/steps/step-01-validate-prerequisites.md","7181608c1ee4e55c084c6627d68fc55a8a0b6917e489f8ac77531a0530428a30"
"md","step-02-customer-behavior","bmm","bmm/1-analysis/research/bmad-market-research/steps/step-02-customer-behavior.md","bac4de244049f90d1f2eb95e2cc9389cc84966d9538077fef1ec9c35e4533849"
"md","step-02-design-epics","bmm","bmm/3-solutioning/bmad-create-epics-and-stories/steps/step-02-design-epics.md","7c66987808c1f84e853fe54b7aff26d209196d450b5644704110f124a15179bc"
"md","step-02-domain-analysis","bmm","bmm/1-analysis/research/bmad-domain-research/domain-steps/step-02-domain-analysis.md","385a288d9bbb0adf050bcce4da4dad198a9151822f9766900404636f2b0c7f9d"
"md","step-02-generate","bmm","bmm/3-solutioning/bmad-generate-project-context/steps/step-02-generate.md","b1f063edae66a74026b67a79a245cec7ee85438bafcacfc70dcf6006b495e060"
"md","step-02-plan","bmm","bmm/4-implementation/bmad-quick-dev/step-02-plan.md","72f4df415adceaaf554166983559e058c6a019d783d0f87cf42c401db3c5f52c"
"md","step-02-prd-analysis","bmm","bmm/3-solutioning/bmad-check-implementation-readiness/steps/step-02-prd-analysis.md","38be2bf4b924c0b5b395b57d68f685d790ade7b1a6c10993d3c550675f87d954"
"md","step-02-review","bmm","bmm/4-implementation/bmad-code-review/steps/step-02-review.md","76964dcafe06a3fdf0e9f8eacffdc4071fee1a8d18a85561d7e31cde9dad1b65"
"md","step-02-technical-overview","bmm","bmm/1-analysis/research/bmad-technical-research/technical-steps/step-02-technical-overview.md","9c7582241038b16280cddce86f2943216541275daf0a935dcab78f362904b305"
"md","step-02-walkthrough","bmm","bmm/4-implementation/bmad-checkpoint-preview/step-02-walkthrough.md","66cf893f8f968ee81034e9ccd8c20415692c3a8c23a9a143c2245fe6c800acdc"
"md","step-03-competitive-landscape","bmm","bmm/1-analysis/research/bmad-domain-research/domain-steps/step-03-competitive-landscape.md","f10aa088ba00c59491507f6519fb314139f8be6807958bb5fd1b66bff2267749"
"md","step-03-complete","bmm","bmm/3-solutioning/bmad-generate-project-context/steps/step-03-complete.md","e61463db76a8fa060411aa24127aee936d646b97564e9e2a883494ea50e68464"
"md","step-03-create-stories","bmm","bmm/3-solutioning/bmad-create-epics-and-stories/steps/step-03-create-stories.md","c5b787a82e4e49ed9cd9c028321ee1689f32b8cd69d89eea609b37cd3d481afc"
"md","step-03-customer-pain-points","bmm","bmm/1-analysis/research/bmad-market-research/steps/step-03-customer-pain-points.md","5b2418ccaaa89291c593efed0311b3895faad1e9181800d382da823a8eb1312a"
"md","step-03-detail-pass","bmm","bmm/4-implementation/bmad-checkpoint-preview/step-03-detail-pass.md","d48163b9f305f15af57729a8443142e47beb6c3e977554afe12b39ee49cb9fc0"
"md","step-03-epic-coverage-validation","bmm","bmm/3-solutioning/bmad-check-implementation-readiness/steps/step-03-epic-coverage-validation.md","7b187f03a47cba0325fcfd10240410db9c59d93768342fc2dd3de2a01ec23356"
"md","step-03-implement","bmm","bmm/4-implementation/bmad-quick-dev/step-03-implement.md","4d848865eafe5eeba7d83529c766bd410a9cc20a05de1d6a764954c7275b4749"
"md","step-03-integration-patterns","bmm","bmm/1-analysis/research/bmad-technical-research/technical-steps/step-03-integration-patterns.md","005d517a2f962e2172e26b23d10d5e6684c7736c0d3982e27b2e72d905814ad9"
"md","step-03-triage","bmm","bmm/4-implementation/bmad-code-review/steps/step-03-triage.md","91eaa27f6a167702ead00da9e93565c9bff79dce92c02eccbca61b1d1ed39a80"
"md","step-04-architectural-patterns","bmm","bmm/1-analysis/research/bmad-technical-research/technical-steps/step-04-architectural-patterns.md","4636f23e9c585a7a0c90437a660609d913f16362c3557fc2e71d408d6b9f46ce"
"md","step-04-customer-decisions","bmm","bmm/1-analysis/research/bmad-market-research/steps/step-04-customer-decisions.md","f0bc25f2179b7490e7a6704159a32fc9e83ab616022355ed53acfe8e2f7059d5"
"md","step-04-final-validation","bmm","bmm/3-solutioning/bmad-create-epics-and-stories/steps/step-04-final-validation.md","6b83fcf177c24c6b43c2eb0df2efc1430cb0f357b3ab20ee8a5c5483c3fee079"
"md","step-04-present","bmm","bmm/4-implementation/bmad-code-review/steps/step-04-present.md","eee5687e9d7da9a0aeffd78180b8289fca804fc2d59896db5f65a8dd476e4869"
"md","step-04-regulatory-focus","bmm","bmm/1-analysis/research/bmad-domain-research/domain-steps/step-04-regulatory-focus.md","d22035529efe91993e698b4ebf297bf2e7593eb41d185a661c357a8afc08977b"
"md","step-04-review","bmm","bmm/4-implementation/bmad-quick-dev/step-04-review.md","26232182ec23636d8b8c305d1af51055c3e6be4c42858a82b63118ca3be357de"
"md","step-04-testing","bmm","bmm/4-implementation/bmad-checkpoint-preview/step-04-testing.md","28a56e868968ea2d18add0df8c4bccced0f94b698e218df3d45ddac072ce369c"
"md","step-04-ux-alignment","bmm","bmm/3-solutioning/bmad-check-implementation-readiness/steps/step-04-ux-alignment.md","f71e5f0d77615e885ae40fdee6b04c1dd6e472c871f87b515fe869cb5f6966fb"
"md","step-05-competitive-analysis","bmm","bmm/1-analysis/research/bmad-market-research/steps/step-05-competitive-analysis.md","17532051ad232cfc859f09ac3b44f9f4d542eb24cff8d07317126ccdff0d225a"
"md","step-05-epic-quality-review","bmm","bmm/3-solutioning/bmad-check-implementation-readiness/steps/step-05-epic-quality-review.md","d8a84e57f4e3a321734b5b5d093458ceb1e338744f18954c5a204f5ce3576185"
"md","step-05-implementation-research","bmm","bmm/1-analysis/research/bmad-technical-research/technical-steps/step-05-implementation-research.md","e2b8a2c79bcebadc85f3823145980fa47d7e7be8d1c112f686c6223c8c138608"
"md","step-05-present","bmm","bmm/4-implementation/bmad-quick-dev/step-05-present.md","ea49ce8703d4946ec54a59ff428d52ad64ab2649f49c43230bec1f3d09e85b55"
"md","step-05-technical-trends","bmm","bmm/1-analysis/research/bmad-domain-research/domain-steps/step-05-technical-trends.md","fd6c577010171679f630805eb76e09daf823c2b9770eb716986d01f351ce1fb4"
"md","step-05-wrapup","bmm","bmm/4-implementation/bmad-checkpoint-preview/step-05-wrapup.md","c2d4dbc17fed4f8ecbfcb09a2f9c77f0d4562bd27397270e2c27ba37cf4fe073"
"md","step-06-final-assessment","bmm","bmm/3-solutioning/bmad-check-implementation-readiness/steps/step-06-final-assessment.md","1b9c8c2a21950f85e052e05309bfcb3bfe38157ba6fca402ccf37444e7f1cee3"
"md","step-06-research-completion","bmm","bmm/1-analysis/research/bmad-market-research/steps/step-06-research-completion.md","4f5d3158a8462656d6959d29544ed5c92cb925641e2205e47af05c124fcd7666"
"md","step-06-research-synthesis","bmm","bmm/1-analysis/research/bmad-domain-research/domain-steps/step-06-research-synthesis.md","805f2cb7005a4fb0c4da52ea38d45de863f3e840e0f2de1456c414831cdbdf59"
"md","step-06-research-synthesis","bmm","bmm/1-analysis/research/bmad-technical-research/technical-steps/step-06-research-synthesis.md","64d9303ef0c9ce839dc3b2d72e94e3e5b4673e82dc7fc9f1571bd0b03b3a43a7"
"md","step-oneshot","bmm","bmm/4-implementation/bmad-quick-dev/step-oneshot.md","d68648848bb8277f5b762c3528c2aa42122268037b97d252a8f4faf4edb2830e"
"md","sync-sprint-status","bmm","bmm/4-implementation/bmad-quick-dev/sync-sprint-status.md","c0f2fdb940984206a4b7aa2467fbcb7c4811f648634e43a488593974e9efff5e"
"md","template","bmm","bmm/4-implementation/bmad-create-story/template.md","29ba697368d77e88e88d0e7ac78caf7a78785a7dcfc291082aa96a62948afb67"
"md","validate","bmm","bmm/2-plan-workflows/bmad-prd/references/validate.md","71f28774e85c673a5c48af607af541e6a08e10076a2d46d0763885fafc74f201"
"md","validate","bmm","bmm/2-plan-workflows/bmad-ux/references/validate.md","336d5be5ca860dc6948606b68b5a14fed593d41508ad83e123879bd466c984db"
"md","validate-doc","bmm","bmm/1-analysis/bmad-agent-tech-writer/validate-doc.md","3b8d25f60be191716266726393f2d44b77262301b785a801631083b610d6acc5"
"md","verdict","bmm","bmm/1-analysis/bmad-prfaq/references/verdict.md","1a1cbc34090114d3a2b928456edec1563b73d84fea66c58e98780bf680f172ec"
"md","web-researcher","bmm","bmm/1-analysis/bmad-prfaq/agents/web-researcher.md","6e9127bb9bd3e4b15c701e4ced9eef328769262cd34eadc221bebe954c1f3aef"
"md","write-document","bmm","bmm/1-analysis/bmad-agent-tech-writer/write-document.md","c0ddfd981f765b82cba0921dad331cd1fa32bacdeea1f02320edfd60a0ae7e6f"
"py","lint_spine","bmm","bmm/3-solutioning/bmad-architecture/scripts/lint_spine.py","040e0f1c13d31e6a21c518df943d1d7de7b75d8d98a07603b0983f3f3fb500db"
"py","test_lint_spine","bmm","bmm/3-solutioning/bmad-architecture/scripts/tests/test_lint_spine.py","e86bb9a62c5cca74ddc89c843386f2b992610fcc1792d40e03bc9cd445b77681"
"toml","customize","bmm","bmm/1-analysis/bmad-agent-analyst/customize.toml","7191f4a60ada7dbabe083699b2461f35778af7688924dc6ce05911cf1ffc9054"
"toml","customize","bmm","bmm/1-analysis/bmad-agent-tech-writer/customize.toml","bb828f2d26a136870099226f07c61297ce88ddd335823b7549592932bbe14a2e"
"toml","customize","bmm","bmm/1-analysis/bmad-document-project/customize.toml","3bbb5044fafdd865a5fe0863df116a479f30de7fb95c9cf4213f0b87ba1ba924"
"toml","customize","bmm","bmm/1-analysis/bmad-prfaq/customize.toml","8994f925bab65bd310e5ab38781286b6137f3e0c9e89f3ab8a2f480eb05e0de5"
"toml","customize","bmm","bmm/1-analysis/bmad-product-brief/customize.toml","cdd7b417de5b280ab5bd3af65f69654b05980b5efb48077563827c16391f42d6"
"toml","customize","bmm","bmm/1-analysis/research/bmad-domain-research/customize.toml","462ef14dc1e1f6d145fdfe25e315168fd1fa278ea5f87fe0fa86689234daec2f"
"toml","customize","bmm","bmm/1-analysis/research/bmad-market-research/customize.toml","f47af9158893dd3f7ab81ac03cb07d8c76342eead61ec7c9a8a463066b7db9af"
"toml","customize","bmm","bmm/1-analysis/research/bmad-technical-research/customize.toml","7f567fddb04674f817398addbc06e6d1620883d89dcc7ac643c5a56eef5ac337"
"toml","customize","bmm","bmm/2-plan-workflows/bmad-agent-pm/customize.toml","afc2250de25241ac3577c9827e1ee62d8c7a1913de8eb23aadfffb0aadbadc37"
"toml","customize","bmm","bmm/2-plan-workflows/bmad-agent-ux-designer/customize.toml","3df7da44945f9df34dbb3a64de086c756e6c298e73078e388e8f9a4f57cbf7ab"
"toml","customize","bmm","bmm/2-plan-workflows/bmad-create-prd/customize.toml","0c990af4c0a755402abbef893850bd542744a8b6f36c0587c9f3fb6dab6bf5e7"
"toml","customize","bmm","bmm/2-plan-workflows/bmad-edit-prd/customize.toml","35cc2dfb3eda73a0ae4dc987cac58867b25c43ce5c5a1bf552e215826ede6c22"
"toml","customize","bmm","bmm/2-plan-workflows/bmad-prd/customize.toml","5da1c87df2022c3e31f2c8e343dbead23356fbc5f5e9169eccd3102577ba295f"
"toml","customize","bmm","bmm/2-plan-workflows/bmad-ux/customize.toml","c6f94676004a24eed7ff1d546d5b7e7b3889b84d9bab6bbb56bc297d6eabaeb8"
"toml","customize","bmm","bmm/2-plan-workflows/bmad-validate-prd/customize.toml","bfb3c8af5b81b2cdb9bb84f844f1b0dafc40d8c283effa6ad48db966b9446cef"
"toml","customize","bmm","bmm/3-solutioning/bmad-agent-architect/customize.toml","d9763009d7c20246119c24bcea5eacebd21ad60c22ab191b74c9a5fb6e5f57ad"
"toml","customize","bmm","bmm/3-solutioning/bmad-architecture/customize.toml","137b418e1bb940411a6e77460a7c74af66a6ad732edcc7c7363746995b89e65d"
"toml","customize","bmm","bmm/3-solutioning/bmad-check-implementation-readiness/customize.toml","571d81087b7a6d914cf7c2f21aa26354eac385bb2f5cfeabc591892cbb98d036"
"toml","customize","bmm","bmm/3-solutioning/bmad-create-architecture/customize.toml","618be49b0286f18dfb4b6bac3d96bf1cf062994fa5278cd327be9898e651b43c"
"toml","customize","bmm","bmm/3-solutioning/bmad-create-epics-and-stories/customize.toml","da9e43605bc6aec83173050b5d37ede6aebfa9a17c5959a5029681d73e744ba3"
"toml","customize","bmm","bmm/3-solutioning/bmad-generate-project-context/customize.toml","00b6e893b93a1be7c04408f1824dad72c2c43ee02ba29210725e34394bf8225e"
"toml","customize","bmm","bmm/4-implementation/bmad-agent-dev/customize.toml","b56c0af68e2234dc57d9ebe765049ebd9df9e24909d0d9b2b4b12ddefe5291a7"
"toml","customize","bmm","bmm/4-implementation/bmad-checkpoint-preview/customize.toml","1a1e0c3a8914adda3cec925eed51287e067c7f84120de64a8df53348e7b77de5"
"toml","customize","bmm","bmm/4-implementation/bmad-code-review/customize.toml","94ad662fdf3fda372c6e24b2cbda629d0b2aa851097d02afb5905c768b1a1cde"
"toml","customize","bmm","bmm/4-implementation/bmad-correct-course/customize.toml","78095d25afb5b2d4844956f61e9ac640a62d0245174fab9406e9c289f33fd84b"
"toml","customize","bmm","bmm/4-implementation/bmad-create-story/customize.toml","1204f6de064436922f2813069778eb4eaa5f1f945aa8ea5a5ffb87897a2ba8fe"
"toml","customize","bmm","bmm/4-implementation/bmad-dev-story/customize.toml","592fa7948c4614609a59b152518f518d35e0178d6aa7c22e169d78157fd9f5aa"
"toml","customize","bmm","bmm/4-implementation/bmad-investigate/customize.toml","7ec009a4a0a9b476de98de99938f58e319dc6f410b9176910c9ed725e80519e1"
"toml","customize","bmm","bmm/4-implementation/bmad-qa-generate-e2e-tests/customize.toml","04a99926b2d79318b927434c7344dc666f143026ed99c7fcc0d6e3d68263ae66"
"toml","customize","bmm","bmm/4-implementation/bmad-quick-dev/customize.toml","5ba463713de51762eb381be787cbd657932333b808be370d851fc3e40f139e2f"
"toml","customize","bmm","bmm/4-implementation/bmad-retrospective/customize.toml","4ad7e7e7154b480eac7592d0ecc18680b9567471812e9687550be10d547fa7ff"
"toml","customize","bmm","bmm/4-implementation/bmad-sprint-planning/customize.toml","f7bde2f792e8604f26122ee792c5493e270710296044b07680db7d90e886caf3"
"toml","customize","bmm","bmm/4-implementation/bmad-sprint-status/customize.toml","96261fd227befaa4685b0a5091d3e85299d4ae8e4404176b42f5ef2e2fb501bd"
"yaml","config","bmm","bmm/config.yaml","c3aa7f9a23cee39a5dcff6da5e5f45150f150975591281a7d732c34c437170da"
"yaml","sprint-status-template","bmm","bmm/4-implementation/bmad-sprint-planning/sprint-status-template.yaml","317b65e5fc0844a96b99ea923a1672e8b1f354269a8fd305691be32976a86614"
"csv","design-methods","cis","cis/skills/bmad-cis-design-thinking/design-methods.csv","6735e9777620398e35b7b8ccb21e9263d9164241c3b9973eb76f5112fb3a8fc9"
"csv","innovation-frameworks","cis","cis/skills/bmad-cis-innovation-strategy/innovation-frameworks.csv","9a14473b1d667467172d8d161e91829c174e476a030a983f12ec6af249c4e42f"
"csv","module-help","cis","cis/module-help.csv","0c02169aee8d548ee7b190c16551dc681df217c55b8fffff5fc8ada017f2270f"
"csv","solving-methods","cis","cis/skills/bmad-cis-problem-solving/solving-methods.csv","aa15c3a862523f20c199600d8d4d0a23fce1001010d7efc29a71abe537d42995"
"csv","story-types","cis","cis/skills/bmad-cis-storytelling/story-types.csv","ec5a3c713617bf7e2cf7db439303dd8f3363daa2f6db20a350c82260ade88bdb"
"md","SKILL","cis","cis/skills/bmad-cis-agent-brainstorming-coach/SKILL.md","c8bb64e96fcb7b8e8c8cc79837bcc257ed819c88cbdc42628562202d949fd28e"
"md","SKILL","cis","cis/skills/bmad-cis-agent-creative-problem-solver/SKILL.md","8cfc1f48d9d48117d2f5d89bb01d2cdd62445ee054476302cf825b945d0c8232"
"md","SKILL","cis","cis/skills/bmad-cis-agent-design-thinking-coach/SKILL.md","5dd8116434a51cb46bfbc9de5ec50c7ef8c2444d2efe140153eedb68757b9f43"
"md","SKILL","cis","cis/skills/bmad-cis-agent-innovation-strategist/SKILL.md","f1651de76dc5ab508660a8bf551479e5729c59a23cbf0e8cd601d80a8e67fbfc"
"md","SKILL","cis","cis/skills/bmad-cis-agent-presentation-master/SKILL.md","d5254702eb909bae1f77a2f0a7834a80b8b10c1c04fe22250d586da3c1a43fb4"
"md","SKILL","cis","cis/skills/bmad-cis-agent-storyteller/SKILL.md","9d9e68a34b1df789ab55b49bc40ae1745a128566ffc10abf821d98a82c1f089a"
"md","SKILL","cis","cis/skills/bmad-cis-design-thinking/SKILL.md","fc391e6eb99e6dedc36beeb454607b001c42915fc806cd8ed91508e9ee9c42c7"
"md","SKILL","cis","cis/skills/bmad-cis-innovation-strategy/SKILL.md","0e8447d328078112a39476c486b85f8c11d9b49e0b98f17881cfbb8f98706c0c"
"md","SKILL","cis","cis/skills/bmad-cis-problem-solving/SKILL.md","f734e44403df5eb123d3f1ad9247266634e92eec017d743cb1687300d897d8f1"
"md","SKILL","cis","cis/skills/bmad-cis-storytelling/SKILL.md","eca4ad520ccee2545ad275760b484fd763f2833893d4d37f364bd21d6e40c834"
"md","template","cis","cis/skills/bmad-cis-design-thinking/template.md","7834c387ac0412c841b49a9fcdd8043f5ce053e5cb26993548cf4d31b561f6f0"
"md","template","cis","cis/skills/bmad-cis-innovation-strategy/template.md","e59bd789df87130bde034586d3e68bf1847c074f63d839945e0c29b1d0c85c82"
"md","template","cis","cis/skills/bmad-cis-problem-solving/template.md","6c9efd7ac7b10010bd9911db16c2fbdca01fb0c306d871fa6381eef700b45608"
"md","template","cis","cis/skills/bmad-cis-storytelling/template.md","461981aa772ef2df238070cbec90fc40995df2a71a8c22225b90c91afed57452"
"toml","customize","cis","cis/skills/bmad-cis-agent-brainstorming-coach/customize.toml","e841aa106072cfb19a7692f4b6ed8565bd0a58cfffa3b3985759a056651361c5"
"toml","customize","cis","cis/skills/bmad-cis-agent-creative-problem-solver/customize.toml","43b3d348a4e6601e7a02ca8fcd5534975609637bacea9cbc195b997cbfa88c70"
"toml","customize","cis","cis/skills/bmad-cis-agent-design-thinking-coach/customize.toml","948f04fee1765b7a6921f73b514be529465f6fc11bc14975e289da176ec3bab6"
"toml","customize","cis","cis/skills/bmad-cis-agent-innovation-strategist/customize.toml","7a7614cf42ed09d0695977cc7cdf672595a25b744acea6ebda06f3b552ec2acc"
"toml","customize","cis","cis/skills/bmad-cis-agent-presentation-master/customize.toml","aa7144a2a769883a9f1f6a01d5f7f1700a0be7c5219aa1f8c89aca087e079a52"
"toml","customize","cis","cis/skills/bmad-cis-agent-storyteller/customize.toml","ef628ea9c6bdd80fdd2ad3a21fe010d7fe6e45bd1905f1bec81e3b114bf239c1"
"toml","customize","cis","cis/skills/bmad-cis-design-thinking/customize.toml","15991e2d5ec5ca1bdec8c443cd2943d596515d16f768e358231ecdf264515ab8"
"toml","customize","cis","cis/skills/bmad-cis-innovation-strategy/customize.toml","0efce9f87dc9930aad015d8301c1a63c3066df0f640599d43dec8c6cd21fc38f"
"toml","customize","cis","cis/skills/bmad-cis-problem-solving/customize.toml","6a7fec618cef5bb507d209db78a9043f036caeaa91f479ee2a54f92062898067"
"toml","customize","cis","cis/skills/bmad-cis-storytelling/customize.toml","9ec1b11a809b960d1cc776d6b364cebd3533c6797c008f425672a8928fe52d96"
"yaml","config","cis","cis/config.yaml","212cffbdb4b576b686e04e3690579be043f2ee8e2234ff94274a48db8de191fe"
"toml","config","config.toml","config.toml","46b8e478b06d325c6fe2e4412a2b3014d9b5c78a6779adc99ae2ab6851a83db9"
"toml","config.user","config.user.toml","config.user.toml","ddbf040f93f791153318805422dbf1344234d51a977e92dd464e6b00e1a9dc47"
"csv","brain-methods","core","core/bmad-brainstorming/assets/brain-methods.csv","fff112eabca1a9cb8b190f8314bc47678becc5782a2372e11c83daa0e33b6dfd"
"csv","method-matrix","core","core/bmad-brainstorming/analysis/method-matrix.csv","d6c47ab85b9a134d34c35f9c715c553d6c410015f6cf4d107e6870fff6220c64"
"csv","methods","core","core/bmad-advanced-elicitation/methods.csv","168ffcedd12bf987b087773b12c783126bb7ba64018b54752b89ee67c16dfa84"
"csv","module-help","core","core/module-help.csv","e801caeb1bf6484277867067c60be3c2aeec39beaa75254e64ddf8ce8f3b617d"
"html","brain-selector","core","core/bmad-brainstorming/assets/brain-selector.html","798f27c743b853424aa00d4e41af5c3b515b7a329d6806b5d0a5ebe15e0fbf4e"
"json","brain-icons","core","core/bmad-brainstorming/assets/brain-icons.json","a101c56e89f1d0f9e4131dfdfc19e10c746e3a61c3f92537d04a6f4897b7d331"
"md","catalog-analysis","core","core/bmad-brainstorming/analysis/catalog-analysis.md","d4e742da964674549c7f0c64db82c4e1938f8521e5cf0034c103fd08022e515c"
"md","converge","core","core/bmad-brainstorming/references/converge.md","1528c32ddc64f8061fec663306f7208d2fd4d4a90e660552b8138bda7e452dc0"
"md","create-party","core","core/bmad-party-mode/references/create-party.md","2f810332c36c17d14eb55717aed48f3020acf0713bb9f932479be9fbc3856e9e"
"md","finalize","core","core/bmad-brainstorming/references/finalize.md","b6074e7fb4d86ffcf899abc50b9049b4a1f6fe550917f4be7a1c7a888477e07e"
"md","headless","core","core/bmad-brainstorming/references/headless.md","b8ea5951199cff7e4813e06aef35683ca0658230fa015e358cacc466b1138a42"
"md","headless-schemas","core","core/bmad-spec/assets/headless-schemas.md","83afb3614716db2347d83586a67b9c524492dd50db5282436ccb35c99fb5f08a"
"md","in-chat-techniques","core","core/bmad-brainstorming/references/in-chat-techniques.md","18239464e3e4f00ea9063d015d26d6b0a696b72e7e3c5be92352da6db9a3f244"
"md","mode-agent-team","core","core/bmad-party-mode/references/mode-agent-team.md","d22e047f58469aaeaeb762c4b3efcc4d3b9b8513fd79a622060a1375274f1317"
"md","mode-auto","core","core/bmad-party-mode/references/mode-auto.md","a37fd24f76dfcde385890d5c5947bb6f40ca44bea86c805d267b6ae3aab39f70"
"md","mode-autonomous","core","core/bmad-brainstorming/references/mode-autonomous.md","79fba5391ef293cebdbbdc765c7edeb3ccf60c04317fef964a4ea64d6b13f260"
"md","mode-facilitator","core","core/bmad-brainstorming/references/mode-facilitator.md","1b908498d285d190859aed00c3ba5b399d7f6aa8e94d54e95456d15cd6fe6073"
"md","mode-partner","core","core/bmad-brainstorming/references/mode-partner.md","caa0ed378c116def4de382f4e5a95173c6ae6cc5464f1792e7d8196360f79c8a"
"md","mode-subagent","core","core/bmad-party-mode/references/mode-subagent.md","8755423143560ecc2f1d565b423929c10f9610046f761969914a94c137f39ec8"
"md","party-memory","core","core/bmad-party-mode/references/party-memory.md","800b4b4b920bb881a7b32aaabca8559a98273799b2476d83a23e290e301fb315"
"md","resume","core","core/bmad-brainstorming/references/resume.md","0f79535d72eefe6c55bd5ae47fe4753de8d27235cf129f10b2c596a124c26526"
"md","SKILL","core","core/bmad-advanced-elicitation/SKILL.md","705cc827cab892855d07dcc926f5c9f749c3abab33e915d6ac1574aec174896b"
"md","SKILL","core","core/bmad-brainstorming/SKILL.md","399ddc752fc786b501ba07fb4b4b038b3d2bb076d36496b6384ef85cf922dd59"
"md","SKILL","core","core/bmad-customize/SKILL.md","6461073f9322f5f2ec64477d6ae5e79c601e36e3160e492fef4bc2d928d4a9a8"
"md","SKILL","core","core/bmad-editorial-review-prose/SKILL.md","b3687fe80567378627bc2a0c5034ae8d65dfeedcf2b6c90da077f4feca462d0c"
"md","SKILL","core","core/bmad-editorial-review-structure/SKILL.md","164444359d74f695a84faf7ea558d0eef39c75561e6b26669f97a165c6f75538"
"md","SKILL","core","core/bmad-forge-idea/SKILL.md","4bfb4f70bd0b587f3c6cf90e673296a86e7866e31c4321374643021bc83741d2"
"md","SKILL","core","core/bmad-help/SKILL.md","a766c6bd76bcfc4a49a683417440d39978a2e10bb5618dfd469fff03f96b4b4d"
"md","SKILL","core","core/bmad-index-docs/SKILL.md","a855d7060414e73ca4fe8e1a3e1cc4d0f2ce394846e52340bdf5a1317e0d234a"
"md","SKILL","core","core/bmad-party-mode/SKILL.md","4c1f3593a28699ad084e9fa724bb4f57b24bb03be2961c7efff5ce763381a41a"
"md","SKILL","core","core/bmad-review-adversarial-general/SKILL.md","7bffc39e6dba4d9123648c5d4d79e17c3c5b1efbd927c3fe0026c2dbb8d99cff"
"md","SKILL","core","core/bmad-review-edge-case-hunter/SKILL.md","f49ed9976f46b4cefa1fc8b4f0a495f16089905e6a7bbf4ce73b8f05c9ae3ee6"
"md","SKILL","core","core/bmad-shard-doc/SKILL.md","3a1538536514725fd4f31aded280ee56b9645fc61d114fd94aacb3ac52304e52"
"md","SKILL","core","core/bmad-spec/SKILL.md","a2baaf6b6bf000403a3b309b3dae48d328ece922e726541924585afbaf131b16"
"md","spec-template","core","core/bmad-spec/assets/spec-template.md","94ef029b842dfa7f296dab4ccf830f0b813af9995bf8bbdcdfc0783a60ee5ffe"
"py","brain","core","core/bmad-brainstorming/scripts/brain.py","b84770d5d55fa17bd99a2ab9076130874dfb7f8cd9b4283cd6413df097bc72b6"
"py","list_customizable_skills","core","core/bmad-customize/scripts/list_customizable_skills.py","8787f542930b927789e7fdf12bc5a67ff08e19865903a5ad05ff2cc8fc426b66"
"py","resolve_party","core","core/bmad-party-mode/scripts/resolve_party.py","663a1ffa8406564c2a08f210f144b08d323596b105b755ae795ca725384e32ac"
"py","resolve_personas","core","core/bmad-forge-idea/scripts/resolve_personas.py","3da694c23e5fb29fe25963e2ea0509e1dd6d8c9f70ac54b00d98044052fd1c6e"
"py","test_brain","core","core/bmad-brainstorming/scripts/tests/test_brain.py","5f150395d5aa95526eb1ded5b7a8bd624a577dd25ff060ac082db3cbb5cc0f77"
"py","test_list_customizable_skills","core","core/bmad-customize/scripts/tests/test_list_customizable_skills.py","24c3d384b3b5d490b7335c17866bfe0425af253ce669c32382fa88feb705934d"
"py","test_resolve_personas","core","core/bmad-forge-idea/scripts/tests/test_resolve_personas.py","1c4fa4b1d68bfbd10e4b38cad3c8286dad62345cebd08fe94a6862351b02855e"
"py","test-resolve_party","core","core/bmad-party-mode/scripts/tests/test-resolve_party.py","bb53fe03ec3013ed96c0fb399c1948f28bcf55cb2d7727fe0189343fcaa667d5"
"toml","customize","core","core/bmad-brainstorming/customize.toml","21fcbc60c78db99ca0424da192ba0942dce2189f350f77838e4d3ecd501edd1c"
"toml","customize","core","core/bmad-forge-idea/customize.toml","ef5fadd1df3550cae00b1b442606bf84d187bfd55397563f143e1057430df45c"
"toml","customize","core","core/bmad-party-mode/customize.toml","68ccf9d25fb65fbd0254866fcd5e21ea8db5712d1fd4609e17cec86aba6f22cf"
"toml","customize","core","core/bmad-spec/customize.toml","b0181ba5d4038feb779a7a082a265df753220f868b66b5adb0fb2ed18401c763"
"yaml","config","core","core/config.yaml","8eb62175f971a5a5de1676a5c02927b0e45157e84a38593971127069b46e50bb"
"csv","documentation-requirements","gds","gds/workflows/gds-document-project/documentation-requirements.csv","d1253b99e88250f2130516b56027ed706e643bfec3d99316727a4c6ec65c6c1d"
"csv","game-brain-methods","gds","gds/workflows/1-preproduction/gds-brainstorm-game/game-brain-methods.csv","9dd6c853bcd04038223abf0263c465381dace3c9b13c9eb637f22ce9dc93210e"
"csv","game-types","gds","gds/workflows/2-design/gds-gdd/assets/game-types.csv","a44c04d09432c886a7a5a8112474bd32540d8e84de25b308dca0f96e570651fd"
"csv","genre-complexity","gds","gds/workflows/2-design/gds-gdd/assets/genre-complexity.csv","eecea9633da780aab181f8e439bd5229be4794f26d5ccab7c433ee4865eee1f5"
"csv","module-help","gds","gds/module-help.csv","c686409c26d6d7eac5ed854c4d78591df9a6aec10c4f4241825d5a1a3d5d587d"
"csv","pattern-categories","gds","gds/workflows/3-technical/gds-game-architecture/pattern-categories.csv","d9a275931bfed32a65106ce374f2bf8e48ecc9327102a08f53b25818a8c78c04"
"csv","qa-index","gds","gds/agents/gds-agent-game-dev/gametest/qa-index.csv","daa577ca80b3b51c08a8ed5521e4a25553d7d32a3342dbde40ccaee4a20351eb"
"html","validation-report-template","gds","gds/workflows/2-design/gds-gdd/assets/validation-report-template.html","c0a5b68ef9352f7c9929ccdb0b06621e421cbf0f2d8d54f3feb3bd84f37e7925"
"html","validation-report-template","gds","gds/workflows/2-design/gds-prd/assets/validation-report-template.html","20efebcfa14978bf5b4128996c575be8b447d28d578ee8c5c36f8d15f079ae2f"
"html","validation-report-template","gds","gds/workflows/2-design/gds-ux/assets/validation-report-template.html","8656945636fabe96624f8ef8fce931b073b5aecbe42d490584c1d5c7f31e1353"
"json","project-scan-report-schema","gds","gds/workflows/gds-document-project/templates/project-scan-report-schema.json","53255f15a10cab801a1d75b4318cdb0095eed08c51b3323b7e6c236ae6b399b7"
"md","action-platformer","gds","gds/workflows/2-design/gds-gdd/assets/game-types/action-platformer.md","f1cbe9e9a52acd01ff120d05ce22fa81b30500933f62a3c6c36642280244057c"
"md","adventure","gds","gds/workflows/2-design/gds-gdd/assets/game-types/adventure.md","06aa57786c2e7ebc7580d501fcdefaabb28933c7b5785d6643bf643f58ae13e7"
"md","architecture-template","gds","gds/workflows/3-technical/gds-game-architecture/templates/architecture-template.md","91655e166f5a2f3f56ae09997107eab15772c1e4d9186397bce0339eca7be32f"
"md","backlog-template","gds","gds/workflows/4-production/gds-code-review/backlog-template.md","84b1381c05012999ff9a8b036b11c8aa2f926db4d840d256b56d2fa5c11f4ef7"
"md","balance-testing","gds","gds/agents/gds-agent-game-dev/gametest/knowledge/balance-testing.md","01843831d603883219828afbe19784864464277f3bcddb2c104ff05bedbb8053"
"md","brief-template","gds","gds/workflows/1-preproduction/gds-create-game-brief/assets/brief-template.md","3319bf1d756ff692ef6a1295a5a37bec957d1146290ca6a22281900ed562e52a"
"md","card-game","gds","gds/workflows/2-design/gds-gdd/assets/game-types/card-game.md","6b9298ace2607c8e93d64533e6406828053234282e4977e4407faa2e9302fd0a"
"md","case-file-template","gds","gds/workflows/4-production/gds-investigate/references/case-file-template.md","9dccb41f3f3fc796b42411966e51b32c4231aaceb4b6bb1880a16225a990002e"
"md","certification-testing","gds","gds/agents/gds-agent-game-dev/gametest/knowledge/certification-testing.md","9e7f57aac247f9c4d384b498f749e2e2376b8706066fb60d3e7b9c27d3ffccab"
"md","checklist","gds","gds/workflows/2-design/gds-create-narrative/checklist.md","9bcfa41212cd74869199dba1a7d9cd5691e2bbc49e6b74b11e51c32955477524"
"md","checklist","gds","gds/workflows/3-technical/gds-game-architecture/checklist.md","289baf9035dd22a4159a78b20afe93bb549d6177f95d261054ded79b4667052e"
"md","checklist","gds","gds/workflows/4-production/gds-code-review/checklist.md","e30d2890ba5c50777bbe04071f754e975a1d7ec168501f321a79169c4201dd28"
"md","checklist","gds","gds/workflows/4-production/gds-correct-course/checklist.md","3e082b95def90ccb876e3101ce0bbaf797a0f03a9471e1347361897f27977327"
"md","checklist","gds","gds/workflows/4-production/gds-create-story/checklist.md","0694a44014e15c7724b6268b6d96a41cbbdb7a9a33597d787078e652f4223280"
"md","checklist","gds","gds/workflows/4-production/gds-dev-story/checklist.md","630b68c6824a8785003a65553c1f335222b17be93b1bd80524c23b38bde1d8af"
"md","checklist","gds","gds/workflows/4-production/gds-sprint-planning/checklist.md","80b10aedcf88ab1641b8e5f99c9a400c8fd9014f13ca65befc5c83992e367dd7"
"md","checklist","gds","gds/workflows/gametest/gds-e2e-scaffold/checklist.md","0bf93f3994d88ea73024ddb90682a78b7d5d2ac9f39e0db18f372be06f79bff1"
"md","checklist","gds","gds/workflows/gametest/gds-performance-test/checklist.md","20ab16701d3b0e51b90bcf394f9a74afc40e3db8e04dbdc6fff6f88287639954"
"md","checklist","gds","gds/workflows/gametest/gds-playtest-plan/checklist.md","7d504957f7edb22081f5ae01b6f35db118414c33b4f612b6cd08b5f71645cbf3"
"md","checklist","gds","gds/workflows/gametest/gds-test-automate/checklist.md","b2eefabfba15ccf30a49d46eb0e2b3f9e88304e1c1bbe6febe00d1006d85e155"
"md","checklist","gds","gds/workflows/gametest/gds-test-design/checklist.md","5346d6af9545fed2f338834d58624b84598e4527cc21718b77bf9166b8a80840"
"md","checklist","gds","gds/workflows/gametest/gds-test-framework/checklist.md","cb4e9255f7386eed2244e77d74a9086980950f3d62927f38f6ee7707676c1a39"
"md","checklist","gds","gds/workflows/gametest/gds-test-review/checklist.md","2444685b29ed742dacfbab77f17cfbc17bd2fd4f91917afb01eb2b9c3f33ffca"
"md","checklist","gds","gds/workflows/gds-document-project/checklist.md","581b0b034c25de17ac3678db2dbafedaeb113de37ddf15a4df6584cf2324a7d7"
"md","color-themes","gds","gds/workflows/2-design/gds-ux/assets/color-themes.md","48fac7943e8584ccf7dd1bcdfdfd4513366a086a3a84965b6b302ccf6607c171"
"md","compatibility-testing","gds","gds/agents/gds-agent-game-dev/gametest/knowledge/compatibility-testing.md","52647005c34e8219084c35536c6bcdec284936cdaf215cd0c6d130804f3823d7"
"md","compile-epic-context","gds","gds/workflows/gds-quick-flow/gds-quick-dev/compile-epic-context.md","5cfda02f252941e415b80c57b4528f46226b3cbf456ad45d78fcb5a7ef4816e2"
"md","creative-tools","gds","gds/workflows/2-design/gds-ux/references/creative-tools.md","adb3e976aa60ccb5d8c8a34294c70806c424ec784b6b532d8f9032b92caffa67"
"md","deep-dive-instructions","gds","gds/workflows/gds-document-project/workflows/deep-dive-instructions.md","95a1aa90c59f9648f7b61511c691635442c15be3895fc93efef20d8f127814cb"
"md","deep-dive-template","gds","gds/workflows/gds-document-project/templates/deep-dive-template.md","6198aa731d87d6a318b5b8d180fc29b9aa53ff0966e02391c17333818e94ffe9"
"md","deep-dive-workflow","gds","gds/workflows/gds-document-project/workflows/deep-dive-workflow.md","ea0c34679e4f06cd2e5d04bc71bdb337e45a6b8194d0e0f00ca7bde22815f66f"
"md","design-directions","gds","gds/workflows/2-design/gds-ux/assets/design-directions.md","a27225c4ebd80689d8f98c711c15ce8d525c0229bf7247591a7423f20ba88e74"
"md","design-example-editorial","gds","gds/workflows/2-design/gds-ux/assets/design-example-editorial.md","a659166845b1a4ed3f9aef942c5935537a97382b10303684fbb78ed86265870e"
"md","design-example-game","gds","gds/workflows/2-design/gds-ux/assets/design-example-game.md","b16aedb914f593bffcbffc09ef346660ba2ea1935630752eae226818d565ec6a"
"md","design-example-mobile","gds","gds/workflows/2-design/gds-ux/assets/design-example-mobile.md","a93fb9f114f2e83af0c961c0d7909b3859fc80bcd713715517cd639a53a0372a"
"md","design-md-spec","gds","gds/workflows/2-design/gds-ux/references/design-md-spec.md","d04d5f663607aba3f3181e818ae33856e6caf5e560dcb16fa64ed80b7cf3d590"
"md","discover-inputs","gds","gds/workflows/4-production/gds-code-review/discover-inputs.md","dfedba6a8ea05c9a91c6d202c4b29ee3ea793d8ef77575034787ae0fef280507"
"md","discover-inputs","gds","gds/workflows/4-production/gds-create-story/discover-inputs.md","dfedba6a8ea05c9a91c6d202c4b29ee3ea793d8ef77575034787ae0fef280507"
"md","documentation-standards","gds","gds/agents/gds-agent-tech-writer/documentation-standards.md","b046192ee42fcd1a3e9b2ae6911a0db38510323d072c8d75bad0594f943039e4"
"md","e2e-testing","gds","gds/agents/gds-agent-game-dev/gametest/knowledge/e2e-testing.md","e6480e6a6011c21fd68dc4eeb1d00653773c5436c67b7baaaa22ab168fc4aa69"
"md","epics-template","gds","gds/workflows/3-technical/gds-create-epics-and-stories/templates/epics-template.md","e61ae220bfb3e2394e0f0d58dc4c5436343703b0ff8efe18e0f690b584571927"
"md","excalidraw-wireframe","gds","gds/workflows/2-design/gds-ux/assets/excalidraw-wireframe.md","660bbcdebff50cd044a3752eda43f3cb303aca4b0f521b55a270da93b89ddb18"
"md","experience-example-game","gds","gds/workflows/2-design/gds-ux/assets/experience-example-game.md","38946a7aeeb04cb580259be811f90fb7ddee202f265699a863816882aaa56e33"
"md","experience-example-mobile","gds","gds/workflows/2-design/gds-ux/assets/experience-example-mobile.md","f8cd54c92193cd8c34a472df9c212ac7330976f6a115b729721dcb60034dc4f0"
"md","explain-concept","gds","gds/agents/gds-agent-tech-writer/explain-concept.md","6ea82dbe4e41d4bb8880cbaa62d936e40cef18f8c038be73ae6e09c462abafc9"
"md","facilitation-guide","gds","gds/workflows/2-design/gds-gdd/references/facilitation-guide.md","2768ba0f624c0cc3ffb410eb57eb56a3919852248d7d7afd07cb66368f4e2aef"
"md","fighting","gds","gds/workflows/2-design/gds-gdd/assets/game-types/fighting.md","52e5a142aac496ae7154fc0829bfbce1ef22296f0a464cf8e595aa14ca02eb86"
"md","full-scan-instructions","gds","gds/workflows/gds-document-project/workflows/full-scan-instructions.md","ca670cc0b9dddd918bae872f95bb2120eb068d1e3112fa9d9482dfe96a7d9f67"
"md","full-scan-workflow","gds","gds/workflows/gds-document-project/workflows/full-scan-workflow.md","3c9f0ab595c2ca465d47d3c67ad64da5995017891f7376960a9af9e8a7cd73dd"
"md","game-context","gds","gds/workflows/1-preproduction/gds-brainstorm-game/game-context.md","d0f5cb4d6151bb65b799676281ea2af0fe1b5ec227c92ceba655ba363e18a0ba"
"md","gdd-purpose","gds","gds/workflows/2-design/gds-gdd/references/gdd-purpose.md","a46b9801158f2acbccd0784b8924438c7720799d18bd7c65f62f8a37cd4cb5ac"
"md","gdd-template","gds","gds/workflows/2-design/gds-gdd/assets/gdd-template.md","070ccbb7f491dc1b1d126245c2e4db4a55dbc5a7ee6a6df4be521ca70e3c9ea6"
"md","gdd-validation-checklist","gds","gds/workflows/2-design/gds-gdd/assets/gdd-validation-checklist.md","d54f803a44a158259487d619cc542c4de311dd213c079d6cdce7ddfb20c4aa0b"
"md","godot-engine","gds","gds/workflows/3-technical/gds-game-architecture/knowledge/godot-engine.md","1b86527d29e44f0bdeab87e25424997502cc675b1982e217be579ac6849e87db"
"md","godot-testing","gds","gds/agents/gds-agent-game-dev/gametest/knowledge/godot-testing.md","17b51e665fe6c0e49d7619710bf5a199b3feb3de2f035aff03075a2e7aadf4ac"
"md","headless","gds","gds/workflows/2-design/gds-gdd/references/headless.md","20d1c915efcf40d98197f96f9ff6cbda1f586110605a53246f8953842ffee404"
"md","headless","gds","gds/workflows/2-design/gds-prd/references/headless.md","0121ff882913a73aac057a62e27eaf931abfa99002a70685cbf19a524db9cfe7"
"md","headless","gds","gds/workflows/2-design/gds-ux/references/headless.md","26943a9482800603334a9eeb3f27363ac91d4061ae3ee67d32a0f78e1fe61c22"
"md","headless-schemas","gds","gds/workflows/2-design/gds-gdd/assets/headless-schemas.md","71b52f33a1fd1d1a003221ad5eda56146f09cff8e1bbd2afcbc321042c2fa0b5"
"md","headless-schemas","gds","gds/workflows/2-design/gds-prd/assets/headless-schemas.md","8714be1b32f11d82bf36d9b7ad760b119c1b99cd6cb8c1e853719d302c7a8f5b"
"md","headless-schemas","gds","gds/workflows/2-design/gds-ux/assets/headless-schemas.md","ea85db9a686eb59cb62395b72ea6f27c8ff4205a17edb5b70d959c6ed16a8b94"
"md","horror","gds","gds/workflows/2-design/gds-gdd/assets/game-types/horror.md","7ff7599d5701bb7a8ef0e14f3ba614626cdd0d8960a8e880fc1cd41c5f508f75"
"md","idle-incremental","gds","gds/workflows/2-design/gds-gdd/assets/game-types/idle-incremental.md","515b52bb301e467c1f096cc55abde47159bb0b0d87157b9fa565973b48601ddf"
"md","index-template","gds","gds/workflows/gds-document-project/templates/index-template.md","42c8a14f53088e4fda82f26a3fe41dc8a89d4bcb7a9659dd696136378b64ee90"
"md","input-testing","gds","gds/agents/gds-agent-game-dev/gametest/knowledge/input-testing.md","331c6c844db592deac86847e3982b5fad8ebb7ead322ab637093f92152bfe90d"
"md","instructions","gds","gds/workflows/gds-document-project/instructions.md","88dd5f184c3881e8213b0d19b3a6c16bbc7f434aa19d43c90ab08ca565c97ee0"
"md","key-screens","gds","gds/workflows/2-design/gds-ux/assets/key-screens.md","a546c6071f62ee4298c7ecb2b4d52e90d5db82dd65ed6a870787b2d54c0f9204"
"md","localization-testing","gds","gds/agents/gds-agent-game-dev/gametest/knowledge/localization-testing.md","6eee5cccfd9a81db853a8aa2327bd5f898276155a0868758a2c76c6e9094d0fe"
"md","mermaid-gen","gds","gds/agents/gds-agent-tech-writer/mermaid-gen.md","1d83fcc5fa842bc31ecd9fd7e45fbf013fabcadf0022d3391fff5b53b48e4b5d"
"md","metroidvania","gds","gds/workflows/2-design/gds-gdd/assets/game-types/metroidvania.md","2a8c101dda7911d1cd1d9c66d1be86af3725832f5dcc7fab71e95204f45614ea"
"md","moba","gds","gds/workflows/2-design/gds-gdd/assets/game-types/moba.md","92d0ba9f7508a38d5bfeac1651c6aee8a1a58c54659ad3f0e0d1fd678a1ef498"
"md","multiplayer-testing","gds","gds/agents/gds-agent-game-dev/gametest/knowledge/multiplayer-testing.md","51ac9e47ba1a8ddae7720d301f97596d67d72252d91cd44338fd73353fc5969d"
"md","narrative-template","gds","gds/workflows/2-design/gds-create-narrative/templates/narrative-template.md","a97e07173c540f85e946eb9c525e1ccad9294ae5f970760f2a9c537b5c0dcd6b"
"md","party-game","gds","gds/workflows/2-design/gds-gdd/assets/game-types/party-game.md","0cc50b3aede0c45c94cdff743cdac2d8ad67421ea80497a29d2300a1744ea703"
"md","performance-template","gds","gds/workflows/gametest/gds-performance-test/performance-template.md","4bd04e73953f2f3dedff20b9032f99023656f141f21c080e49f15060c64ffa80"
"md","performance-testing","gds","gds/agents/gds-agent-game-dev/gametest/knowledge/performance-testing.md","b9acfb6f8d20b9f9d2e7b83419298f3053f6fc5dab5cb9005898d133556c09fe"
"md","phaser-engine","gds","gds/workflows/3-technical/gds-game-architecture/knowledge/phaser-engine.md","23536650150ed5f2a794e081fba4669abfb953c8e0be6ac6b000e17d35eebb3d"
"md","playtest-template","gds","gds/workflows/gametest/gds-playtest-plan/playtest-template.md","8fa7654007f4f881f0167cb252b6b9ca63c0735fb9e6ef63a4bc81954b428f47"
"md","playtesting","gds","gds/agents/gds-agent-game-dev/gametest/knowledge/playtesting.md","bd989a375d3e444da9b892bf0e33ed98c9f9d88f578f260501c3eaf7553d0b3c"
"md","prd-template","gds","gds/workflows/2-design/gds-prd/assets/prd-template.md","4439947e999052d4d0eadae983cb959769715ca6378c87bd61f2b08bd9658a79"
"md","prd-validation-checklist","gds","gds/workflows/2-design/gds-prd/assets/prd-validation-checklist.md","6de1eb75cf50b42db0433405d8c7c547e09eadd5ed25af7139e90a1ef90ad3e4"
"md","probing","gds","gds/workflows/2-design/gds-prd/references/probing.md","2eaef950498cec0c4a1be7cb8bf29fd2d0f6653710409ab21f7c3f4c62d36683"
"md","project-context-template","gds","gds/workflows/3-technical/gds-generate-project-context/project-context-template.md","4816f83b0edc8c7e19a57e4a4a6419ca40953fc7dcd48326700f2876e77c60fa"
"md","project-overview-template","gds","gds/workflows/gds-document-project/templates/project-overview-template.md","a7c7325b75a5a678dca391b9b69b1e3409cfbe6da95e70443ed3ace164e287b2"
"md","puzzle","gds","gds/workflows/2-design/gds-gdd/assets/game-types/puzzle.md","f9c08b6f087bfaa41ea08c9dfa78aa034f5ae46b627b9f476bdf8b4f5c3389ed"
"md","qa-automation","gds","gds/agents/gds-agent-game-dev/gametest/knowledge/qa-automation.md","1de6d14ea9299a2b73a2da33dff6c5b4c1bf5757365a5449968589baaa123cbc"
"md","racing","gds","gds/workflows/2-design/gds-gdd/assets/game-types/racing.md","085ea5d0914d7bc6a233c479d0ad6288a575ad1c8b9a8a85881e779fac0e60fc"
"md","readiness-report-template","gds","gds/workflows/3-technical/gds-check-implementation-readiness/templates/readiness-report-template.md","0da97ab1e38818e642f36dc0ef24d2dae69fc6e0be59924dc2dbf44329738ff6"
"md","regression-testing","gds","gds/agents/gds-agent-game-dev/gametest/knowledge/regression-testing.md","bbf85811219194de9df3499277f93427d2cc623384a8f1ac22726067ab6426dd"
"md","research.template","gds","gds/workflows/1-preproduction/research/gds-domain-research/research.template.md","507bb6729476246b1ca2fca4693986d286a33af5529b6cd5cb1b0bb5ea9926ce"
"md","research.template","gds","gds/workflows/1-preproduction/research/research.template.md","507bb6729476246b1ca2fca4693986d286a33af5529b6cd5cb1b0bb5ea9926ce"
"md","rhythm","gds","gds/workflows/2-design/gds-gdd/assets/game-types/rhythm.md","83bbf1761fdc604b8c2b50ed86c5874cce331417e1b3a46c65cb6c4c1a7c8db2"
"md","roblox-engine","gds","gds/workflows/3-technical/gds-game-architecture/knowledge/roblox-engine.md","2f723a79962ebd17e023801b40963e2c8f459d9cc8a2ee2556b7efa971b64aad"
"md","roguelike","gds","gds/workflows/2-design/gds-gdd/assets/game-types/roguelike.md","fb1ebc838011020a6f740e6fb4f2ceb81be8477f9c67bc7ae3a8e34dfe548f00"
"md","rpg","gds","gds/workflows/2-design/gds-gdd/assets/game-types/rpg.md","5aa57ecefb448a0507ee0c8d503b43bd34d0c612ba130240d1af9842b80cba50"
"md","sandbox","gds","gds/workflows/2-design/gds-gdd/assets/game-types/sandbox.md","836f656bbaae549f31ac574c0865a61de451c08ab8c561db2c93398e147ece85"
"md","save-testing","gds","gds/agents/gds-agent-game-dev/gametest/knowledge/save-testing.md","b64e42def93f604dcfadd6ed81c8950e1d0eb75d936f1da7de3f727323e76201"
"md","shooter","gds","gds/workflows/2-design/gds-gdd/assets/game-types/shooter.md","2452850295ac2b9fac04ce2d6126bfc19bb7dccbb04c40e7f89c801aecc5555d"
"md","simulation","gds","gds/workflows/2-design/gds-gdd/assets/game-types/simulation.md","fd74a7d21243f8d9827fe6a99263579309bc0aabd9e56261d3dd4eb5cfc75ad5"
"md","SKILL","gds","gds/agents/gds-agent-game-architect/SKILL.md","40467ae92aee8a33b2fd0c772173b6c3eea2ade2e1e094cf54b577176ad5e1a4"
"md","SKILL","gds","gds/agents/gds-agent-game-designer/SKILL.md","c0380daebece5446c57362bb504829c2f6d4f23683a62e482884f76e319d8fb7"
"md","SKILL","gds","gds/agents/gds-agent-game-dev/SKILL.md","cb01a9e3d2cc5c7aa97bc6a0126a6a7ec43a7c086be88c75e209ea86dc39ced7"
"md","SKILL","gds","gds/agents/gds-agent-game-solo-dev/SKILL.md","710885deacd65c2fd018642ed6009c146263b6bba27c97b410632246ba320edc"
"md","SKILL","gds","gds/agents/gds-agent-tech-writer/SKILL.md","27c0bad5f0b1f7464f75996826b4c9a666f53ba125c9a6e741e7935eb4ca411c"
"md","SKILL","gds","gds/workflows/1-preproduction/gds-brainstorm-game/SKILL.md","57cdd3acbeb1f1ebb69cce74a76c75f634ba16feb19dbd00e903b5e25ddf6dcf"
"md","SKILL","gds","gds/workflows/1-preproduction/gds-create-game-brief/SKILL.md","6e8c6ff668c0e30f506ebe66fce88857f78a88bb5aafcb330ead417d817b2cb7"
"md","SKILL","gds","gds/workflows/1-preproduction/research/gds-domain-research/SKILL.md","4d309b7d8b807e1d36255ffec95f27fc2a0545e0e1e47e5895f5accbb45bed3e"
"md","SKILL","gds","gds/workflows/2-design/gds-create-narrative/SKILL.md","8ed61cb6ac55fc07b517f35cefd47aef4ceea1d32201f379dbcdfcce52198bd7"
"md","SKILL","gds","gds/workflows/2-design/gds-gdd/SKILL.md","3873a6cad2d791dc4d03072dcaaa6d08a56e91d81fe83ea5823710d3ccea870a"
"md","SKILL","gds","gds/workflows/2-design/gds-prd/SKILL.md","e6c6653baea413bfc60789a7957fa1df16eab4b939c26ea0e4bbcff65100b8fe"
"md","SKILL","gds","gds/workflows/2-design/gds-ux/SKILL.md","1df1e6bd5d188408fe09f6d3b5fdeeac499c69439b1526add3a2ef403669deea"
"md","SKILL","gds","gds/workflows/3-technical/gds-check-implementation-readiness/SKILL.md","39e5c823217bb1af059c09ea259ffdaf6785e88252b3738d8784f3ff4250963b"
"md","SKILL","gds","gds/workflows/3-technical/gds-create-epics-and-stories/SKILL.md","16e97923e34ed7b862f8c96b74102c63e9b37154c75eb5847883882b8b7e64c6"
"md","SKILL","gds","gds/workflows/3-technical/gds-game-architecture/SKILL.md","d3a3d1f34be5b202058f3309998216ee03c7947f3eb203a3ad0c5e7c96ea812e"
"md","SKILL","gds","gds/workflows/3-technical/gds-generate-project-context/SKILL.md","2b36daad021d648d5db6c8c8a187708e872ce56f96c5871fad7b10d755d0c794"
"md","SKILL","gds","gds/workflows/4-production/gds-code-review/SKILL.md","54a5fe683c33a04b8fa621e222af5e4844fd0879a609ba0ae38d59fa4502011a"
"md","SKILL","gds","gds/workflows/4-production/gds-correct-course/SKILL.md","f6a6cb54aa0a3466359b2a2235a022ecb0676890a8def687f4ce9a3d1b657e3d"
"md","SKILL","gds","gds/workflows/4-production/gds-create-story/SKILL.md","19a20a5155f260c187387097d9d095fc9c13ba7252c7db0a5f97ab1d250ee890"
"md","SKILL","gds","gds/workflows/4-production/gds-dev-story/SKILL.md","487f18f5420ec84ce92bf50a68fbb381d97d5dfaf1fbfc5f2d05e74ac075fdbb"
"md","SKILL","gds","gds/workflows/4-production/gds-investigate/SKILL.md","7a8090b7b738433c2e5c274661ea982697002622f21df326cc0f4fdcc3bb25ad"
"md","SKILL","gds","gds/workflows/4-production/gds-retrospective/SKILL.md","c55f1da079e22c8e366f6e59ede1895316456305d585955b1aead78f0ef82cba"
"md","SKILL","gds","gds/workflows/4-production/gds-sprint-planning/SKILL.md","410779d1b4124f0e120a360a6ea81f68b3c74062411cb6082ccce566a5891901"
"md","SKILL","gds","gds/workflows/4-production/gds-sprint-status/SKILL.md","7ef459904790c8859dd77cf4a182a3305d0a68eb2de4eee5142229e406d564ca"
"md","SKILL","gds","gds/workflows/gametest/gds-e2e-scaffold/SKILL.md","06e927ff7f41680cbadc4d6adf2082b2022dba9f27ea0548f8f379e4645b4d12"
"md","SKILL","gds","gds/workflows/gametest/gds-performance-test/SKILL.md","e8f77fdad2196acebe679048fccd4829f8cdca2d8904de002deafb83f5b78936"
"md","SKILL","gds","gds/workflows/gametest/gds-playtest-plan/SKILL.md","9fc29190326fa913092e4ce5de9fada570961a0a29401b07a245632fd27da6e5"
"md","SKILL","gds","gds/workflows/gametest/gds-test-automate/SKILL.md","7523b87138bc1eedae41eab17318754af30a2baa8369bbaff12ec8d902c6abf4"
"md","SKILL","gds","gds/workflows/gametest/gds-test-design/SKILL.md","967bc9048cf172d7c157efecb8b34c82d3739cb696a94f10d451782267b5adeb"
"md","SKILL","gds","gds/workflows/gametest/gds-test-framework/SKILL.md","d1eb40ba0a211076c8468c339037062d74cf6b1319f8f35c298c19a1a2825fbf"
"md","SKILL","gds","gds/workflows/gametest/gds-test-review/SKILL.md","3a1d2b31902d7892ef85196648027efc6555121a15ddc2e9bb54e34ff956c8e5"
"md","SKILL","gds","gds/workflows/gds-document-project/SKILL.md","629174ac8055c91820024b086e48e8a17dc337b3b207c54d1f6fed90e5a60319"
"md","SKILL","gds","gds/workflows/gds-quick-flow/gds-quick-dev/SKILL.md","0af3f81720f949e67992a65570cd25132120b144df42e9be5caf0ffeb60b3cca"
"md","smoke-testing","gds","gds/agents/gds-agent-game-dev/gametest/knowledge/smoke-testing.md","41843100e39f9a2d48316623d979cfdeed5f0977db5241a1a52f1049301dcd6f"
"md","source-tree-template","gds","gds/workflows/gds-document-project/templates/source-tree-template.md","109bc335ebb22f932b37c24cdc777a351264191825444a4d147c9b82a1e2ad7a"
"md","spec-template","gds","gds/workflows/gds-quick-flow/gds-quick-dev/spec-template.md","3ee15d5a63cf5eeee74149c590668fc61d0e44023eac12988a1ca2a9438a9d39"
"md","sports","gds","gds/workflows/2-design/gds-gdd/assets/game-types/sports.md","2247ea87dbca74e879f8c686d9e80434618e9e61bd3572739274c1af64cb0bb8"
"md","step-01-clarify-and-route","gds","gds/workflows/gds-quick-flow/gds-quick-dev/step-01-clarify-and-route.md","b5eb9f0cecf2a462885b8e7b4c21abbaec1e95c8abbd76bc410d9090fd8379f0"
"md","step-01-discover","gds","gds/workflows/3-technical/gds-generate-project-context/steps/step-01-discover.md","41a123ead9f18cc92b2d3cf021729593f16250f4891887c7416afa519914b61a"
"md","step-01-document-discovery","gds","gds/workflows/3-technical/gds-check-implementation-readiness/steps/step-01-document-discovery.md","92b09399c38bf96da3379d96f4709f19f4bc727a6bcf1adf080416ab5fc161ea"
"md","step-01-gather-context","gds","gds/workflows/4-production/gds-code-review/steps/step-01-gather-context.md","dedb3db28815e3df3363bc0d52d00cf7c13db798ac57b622172062e3b38abb8b"
"md","step-01-init","gds","gds/workflows/1-preproduction/gds-brainstorm-game/steps/step-01-init.md","eca859cb1c662a92b3f3f3590fdd2272a183707a58ff9dc8a8944355a0794ac1"
"md","step-01-init","gds","gds/workflows/1-preproduction/research/gds-domain-research/domain-steps/step-01-init.md","b91f1561eef3c9126a533ecf58b1eb045f8b7f584f108bada8247f217d5b2dcb"
"md","step-01-init","gds","gds/workflows/1-preproduction/research/market-steps/step-01-init.md","98df33ae9a329498315dbf890a80b6a27d601c90d012435248a0849adaafdaa1"
"md","step-01-init","gds","gds/workflows/1-preproduction/research/technical-steps/step-01-init.md","c3c3e48f2adb9bddae304171f66672ad9a2a3171551aa927de4c64f5683926da"
"md","step-01-init","gds","gds/workflows/2-design/gds-create-narrative/steps/step-01-init.md","5691536f98f127eb19baeeff3f4a4a6646a84cc393c74921a242c528e96cb9c8"
"md","step-01-init","gds","gds/workflows/3-technical/gds-game-architecture/steps/step-01-init.md","f7365466c5a6d92bda82906043f422d053dcefd867d89d7f97e70404e104ec05"
"md","step-01-validate-prerequisites","gds","gds/workflows/3-technical/gds-create-epics-and-stories/steps/step-01-validate-prerequisites.md","956d5cf655621b750f77af9144ebf8ea5c86f910d053469a7e5eabc653c4a341"
"md","step-01b-continue","gds","gds/workflows/2-design/gds-create-narrative/steps/step-01b-continue.md","01560e00ece082145aa3f775f1b63ed9baf5b1f28e113c615ac2caa03383a0f1"
"md","step-01b-continue","gds","gds/workflows/3-technical/gds-game-architecture/steps/step-01b-continue.md","ec31da22df2837924af7d1360701cd7c15c78269357c122149d7f767f966d9bf"
"md","step-02-context","gds","gds/workflows/1-preproduction/gds-brainstorm-game/steps/step-02-context.md","823252089860938bb1ef7d7167a4c974b93a910d7428d9b83fa532743763b06a"
"md","step-02-context","gds","gds/workflows/3-technical/gds-game-architecture/steps/step-02-context.md","2017829264085d45ee25ead36a668624a15bdf73eb5f81f54c45290193ece607"
"md","step-02-customer-behavior","gds","gds/workflows/1-preproduction/research/market-steps/step-02-customer-behavior.md","bf45b0b8cf181a2bf7ed15b8334ebcbaf053de804ed5b9d5e7a7008be328d9af"
"md","step-02-design-epics","gds","gds/workflows/3-technical/gds-create-epics-and-stories/steps/step-02-design-epics.md","639eab1b7f57e69b2813e200e8f0719ff1e0151ef6d5f9b5a19fe8a825499537"
"md","step-02-domain-analysis","gds","gds/workflows/1-preproduction/research/gds-domain-research/domain-steps/step-02-domain-analysis.md","828ceb015f4b62dfb65a0cf71becbe9ce84de0e6ffcaa3faca56f1e83074cda6"
"md","step-02-foundation","gds","gds/workflows/2-design/gds-create-narrative/steps/step-02-foundation.md","1e73ffe1540d2eb38b293848b6a01a8acc96e90ed1b5bb6e03ed48bdb2b60dea"
"md","step-02-gdd-analysis","gds","gds/workflows/3-technical/gds-check-implementation-readiness/steps/step-02-gdd-analysis.md","d617aa1ece3a5d1c864ec8befa13eca5ce9947a4c95d05864514757f29ceb39c"
"md","step-02-generate","gds","gds/workflows/3-technical/gds-generate-project-context/steps/step-02-generate.md","531201685a090a5bf313932730f83080b470741a994530e62d1d1ff8b64e2dfe"
"md","step-02-plan","gds","gds/workflows/gds-quick-flow/gds-quick-dev/step-02-plan.md","cd1a634c3adbc5b296344d55cead5aa0647d4ceeff95bc6a930715254503ad58"
"md","step-02-review","gds","gds/workflows/4-production/gds-code-review/steps/step-02-review.md","00a6a01eef43d1d29861b1625058f64fcd0851824766e701ddfa338499d78bab"
"md","step-02-technical-overview","gds","gds/workflows/1-preproduction/research/technical-steps/step-02-technical-overview.md","d35810fd1390103e47fce77414d0a5831df83468bc87f413c88c843c41b3e2f9"
"md","step-03-competitive-landscape","gds","gds/workflows/1-preproduction/research/gds-domain-research/domain-steps/step-03-competitive-landscape.md","cbfb0020e085395a01615f9b08085d0306f35ffbbfcc6b4236546be34d06695b"
"md","step-03-complete","gds","gds/workflows/3-technical/gds-generate-project-context/steps/step-03-complete.md","52cdc0fdc0ec509dbcb6f6799dde25431425eeba0273d43d7a7c738d868cf7bf"
"md","step-03-create-stories","gds","gds/workflows/3-technical/gds-create-epics-and-stories/steps/step-03-create-stories.md","01a5d4b0d760a4dd6ecf911f4e3a3e21159b326e24105813c55630faf8fae628"
"md","step-03-customer-pain-points","gds","gds/workflows/1-preproduction/research/market-steps/step-03-customer-pain-points.md","72e1483807bfa30b93cef014f38d82f8a3e8cf673561be9ab2ae013b98707a16"
"md","step-03-epic-coverage-validation","gds","gds/workflows/3-technical/gds-check-implementation-readiness/steps/step-03-epic-coverage-validation.md","300a9c39dc879d3265f2b753bbf11439b8a8f35d9fb3bb8223f55af19cba1bc0"
"md","step-03-ideation","gds","gds/workflows/1-preproduction/gds-brainstorm-game/steps/step-03-ideation.md","1bc918c4a5df2603d5520da5eaca9c3a668b600a333a572bc19f5606d172fb32"
"md","step-03-implement","gds","gds/workflows/gds-quick-flow/gds-quick-dev/step-03-implement.md","4d848865eafe5eeba7d83529c766bd410a9cc20a05de1d6a764954c7275b4749"
"md","step-03-integration-patterns","gds","gds/workflows/1-preproduction/research/technical-steps/step-03-integration-patterns.md","b449eeace64814a3641be9f376b54bc071b796a17973aacb85076efc33aa8606"
"md","step-03-starter","gds","gds/workflows/3-technical/gds-game-architecture/steps/step-03-starter.md","bfaa8c1a17533ac29e8383db0d87e2385fe7457cb92987820227dd4070ec5351"
"md","step-03-story","gds","gds/workflows/2-design/gds-create-narrative/steps/step-03-story.md","323cddfe1eb7c2639e872410f41938380e5f3a5a0e2497eb1e08628498d6b693"
"md","step-03-triage","gds","gds/workflows/4-production/gds-code-review/steps/step-03-triage.md","f8dfcba535cd65a053146f96965324d88ed01a790d2aa4bc352869eb90f80a45"
"md","step-04-architectural-patterns","gds","gds/workflows/1-preproduction/research/technical-steps/step-04-architectural-patterns.md","2d7ec8fe9121c4bfc361cfb96c46588c84c99a8a5c837585f3da4e08495de37b"
"md","step-04-characters","gds","gds/workflows/2-design/gds-create-narrative/steps/step-04-characters.md","62768bf6ee2d8cd09a0aa5e8d59ad02da552983c9e7c51b4197e276f92530d10"
"md","step-04-complete","gds","gds/workflows/1-preproduction/gds-brainstorm-game/steps/step-04-complete.md","e3ace2fecb376d12af00c8b07d18ff2bd2e533f3246ea9f21737dba0b3d7fbbb"
"md","step-04-customer-decisions","gds","gds/workflows/1-preproduction/research/market-steps/step-04-customer-decisions.md","9251d10a11e6c67987496a611699f333802e1c6361b379f0e6ff3932fc823852"
"md","step-04-decisions","gds","gds/workflows/3-technical/gds-game-architecture/steps/step-04-decisions.md","9d1ce5c5910f73eafa0ef161933e4ea6bca9165c0102305f6ad45a6d4dac0938"
"md","step-04-final-validation","gds","gds/workflows/3-technical/gds-create-epics-and-stories/steps/step-04-final-validation.md","f01761632b5351fea7ca24be5f3a5e7b21a5e77405d9769bb68ab026f96af511"
"md","step-04-present","gds","gds/workflows/4-production/gds-code-review/steps/step-04-present.md","b92b5fadcee1ed5851195b1e842b03e5f96b38f20d4805ac8472383cc47abed9"
"md","step-04-regulatory-focus","gds","gds/workflows/1-preproduction/research/gds-domain-research/domain-steps/step-04-regulatory-focus.md","043b814ab146ca144c5b968df3f485166145b3013852b5abbe4e463fd1abe711"
"md","step-04-review","gds","gds/workflows/gds-quick-flow/gds-quick-dev/step-04-review.md","e62a50a37ab20eb426f5abd44179dfac51548707b5e85e6fe7817c144cbe3dae"
"md","step-04-ux-alignment","gds","gds/workflows/3-technical/gds-check-implementation-readiness/steps/step-04-ux-alignment.md","dbc0e078c29b253bcbe621a3f2f6489d5ac5b2b489c49b74812bc99bbf37d07a"
"md","step-05-competitive-analysis","gds","gds/workflows/1-preproduction/research/market-steps/step-05-competitive-analysis.md","c6b884a0d16edfa5dc258ac13371adc6f6196a46be2590a9d7f24f9992f8e617"
"md","step-05-crosscutting","gds","gds/workflows/3-technical/gds-game-architecture/steps/step-05-crosscutting.md","f2a82bcd5411088e7e49a314354459f2ec6a1f16450ecd6970e52ad90303612e"
"md","step-05-epic-quality-review","gds","gds/workflows/3-technical/gds-check-implementation-readiness/steps/step-05-epic-quality-review.md","c08c2a8971947e08c20bb2921daaf6ba2343241dc94abcbfab9f98b82d36bf83"
"md","step-05-implementation-research","gds","gds/workflows/1-preproduction/research/technical-steps/step-05-implementation-research.md","c847c05b96071bb5318913caaa8e4e72144db8c0174226e588afc22d49cf0f21"
"md","step-05-present","gds","gds/workflows/gds-quick-flow/gds-quick-dev/step-05-present.md","ea49ce8703d4946ec54a59ff428d52ad64ab2649f49c43230bec1f3d09e85b55"
"md","step-05-technical-trends","gds","gds/workflows/1-preproduction/research/gds-domain-research/domain-steps/step-05-technical-trends.md","6005b52750aea1f7da12da2266de03dea2b0cc6504854d1c123fe11cf817a1cf"
"md","step-05-world","gds","gds/workflows/2-design/gds-create-narrative/steps/step-05-world.md","5299a1c4cf2ba1fbd35b11de9b5112c825a7cb81ce5bbb4e517ac1d363de1877"
"md","step-06-dialogue","gds","gds/workflows/2-design/gds-create-narrative/steps/step-06-dialogue.md","41eeb85da9cdb3c52f4a0b713d5ffaed11bc8f660e3aaa772a7cefd02aa3a4bf"
"md","step-06-final-assessment","gds","gds/workflows/3-technical/gds-check-implementation-readiness/steps/step-06-final-assessment.md","82ed2106b21626ece71e503c18ea0471c9505bd6095f70190014831d3cdb7d52"
"md","step-06-research-completion","gds","gds/workflows/1-preproduction/research/market-steps/step-06-research-completion.md","af1bb87eedbbfbb1228bbb2834c56962dac2006bc497e61745dd7375dcf00e1b"
"md","step-06-research-synthesis","gds","gds/workflows/1-preproduction/research/gds-domain-research/domain-steps/step-06-research-synthesis.md","180932be6c54a84833d8e07ec5c68b80444a49b6d170ae9949e8760709a1b6b4"
"md","step-06-research-synthesis","gds","gds/workflows/1-preproduction/research/technical-steps/step-06-research-synthesis.md","e1cc457ecba6e677b9f083cc413d8b3013767697ca5f1656c5c44200d73c6f8d"
"md","step-06-structure","gds","gds/workflows/3-technical/gds-game-architecture/steps/step-06-structure.md","5890ee8fd23080c3997e232fef0135a4c9d06267feb96d9ec686ffc879f5f5f1"
"md","step-07-environmental","gds","gds/workflows/2-design/gds-create-narrative/steps/step-07-environmental.md","3a8c5898d2659c7c185554a53e80ccdb85d35cbc925e35681b142655068457b0"
"md","step-07-patterns","gds","gds/workflows/3-technical/gds-game-architecture/steps/step-07-patterns.md","a01dbe908bdd0c32d22ae1bcf66db116c93898c235e22a70f8ce896fd720b6cb"
"md","step-08-delivery","gds","gds/workflows/2-design/gds-create-narrative/steps/step-08-delivery.md","720f99945f72579c9eb564f7e6d97cad7ae70a08bf6bc710b58467f1a9c441c8"
"md","step-08-validation","gds","gds/workflows/3-technical/gds-game-architecture/steps/step-08-validation.md","4645aeb15979b8b5cd4fdced9849ebbb842f8cabb27802db27b01be7de6139d5"
"md","step-09-complete","gds","gds/workflows/3-technical/gds-game-architecture/steps/step-09-complete.md","0b5ea3dca27a60b6d2aeceb64a9155af4bc7cd194a84ebacbf255f35dfd5915d"
"md","step-09-integration","gds","gds/workflows/2-design/gds-create-narrative/steps/step-09-integration.md","deede2f73efebb7ab44bb1d91584e52c032e2d2cfe630349817f1d994edb2bcb"
"md","step-10-production","gds","gds/workflows/2-design/gds-create-narrative/steps/step-10-production.md","2915b7b30a2341e4f4252d65320ae4d9079477a66cc2784ab6452fc97373fdb6"
"md","step-11-complete","gds","gds/workflows/2-design/gds-create-narrative/steps/step-11-complete.md","154a88a667eecadad044ce6f6de9a93a462b3d6aed97e927874cfc84b41e4f72"
"md","step-oneshot","gds","gds/workflows/gds-quick-flow/gds-quick-dev/step-oneshot.md","400fcd81dd8debacef2387a380e3155906b41978d53515eacb2beb1aa08912d2"
"md","strategy","gds","gds/workflows/2-design/gds-gdd/assets/game-types/strategy.md","997380919f6c1b408906c364f74e728b9c6b45bf2960d1f0bfe8b0def594735e"
"md","survival","gds","gds/workflows/2-design/gds-gdd/assets/game-types/survival.md","3647795ee0073a85217633412a41a938e51a553776acbe9ac953fb403e3437f9"
"md","sync-sprint-status","gds","gds/workflows/gds-quick-flow/gds-quick-dev/sync-sprint-status.md","c0f2fdb940984206a4b7aa2467fbcb7c4811f648634e43a488593974e9efff5e"
"md","template","gds","gds/workflows/4-production/gds-create-story/template.md","bb22dc83535c732675a3609638a8af7c7da2df2b65e0dc588d3b22800539d45a"
"md","test-design-template","gds","gds/workflows/gametest/gds-test-design/test-design-template.md","87ea44fb715e0a8502c59be8d9fe88695e20edbd01a26f8b70ec83769a5a208f"
"md","test-priorities","gds","gds/agents/gds-agent-game-dev/gametest/knowledge/test-priorities.md","bf1c726cfcbd44511a97820e1c4d4de1f4b2579ca97cd216f91b91fbeb72e04a"
"md","test-review-template","gds","gds/workflows/gametest/gds-test-review/test-review-template.md","62f64abc9e42f3014f65b7a663477ea2ae84eea7da423508761535da67d9ad0f"
"md","text-based","gds","gds/workflows/2-design/gds-gdd/assets/game-types/text-based.md","5895ca65dc93f676bb33b754f2c6be85d5d9b651df87d8431d404dc9bb736ee7"
"md","tower-defense","gds","gds/workflows/2-design/gds-gdd/assets/game-types/tower-defense.md","03a2cc577fdd1a183ba04409b01b22f2f38713d28f1278481b0f221858f97ec8"
"md","turn-based-tactics","gds","gds/workflows/2-design/gds-gdd/assets/game-types/turn-based-tactics.md","30a150d8a0ab746f0c67d414be79e7e421fff1b8b7a1b716e64800df72bdb6c2"
"md","unity-engine","gds","gds/workflows/3-technical/gds-game-architecture/knowledge/unity-engine.md","ce09a12fa7b6640712a9f76833a46425f5080c597f2d44ce8d51a3f624b9c592"
"md","unity-testing","gds","gds/agents/gds-agent-game-dev/gametest/knowledge/unity-testing.md","17b84ad2c6b651cad40edf697991be60b86aa80d3c98666c08b71e8908474492"
"md","unreal-engine","gds","gds/workflows/3-technical/gds-game-architecture/knowledge/unreal-engine.md","25c737e132f37d736ec17ac531712795c1a9197dabd7a26084de8117e226590a"
"md","unreal-testing","gds","gds/agents/gds-agent-game-dev/gametest/knowledge/unreal-testing.md","0ca53c31bd4c65dac328488433b49b7673e25f47e9945d9abfa9644c43bf2572"
"md","update-standards","gds","gds/agents/gds-agent-tech-writer/update-standards.md","a4bbbff641c454f872cad8b263bf96b0f519e718e7f6c0b18d283c46e4df377c"
"md","validate","gds","gds/workflows/2-design/gds-prd/references/validate.md","f4cc99a0b2495264d31f324a2ea186bb5d87ed2ec0d0ae3b52ccecdc79db8e16"
"md","validate","gds","gds/workflows/2-design/gds-ux/references/validate.md","a9863cdcfd74edb0a34189594df46a5c3a2f08ab2524257f6a38342ec0a6cead"
"md","validate-doc","gds","gds/agents/gds-agent-tech-writer/validate-doc.md","5e12651ffc5c8020b59d66e267a6d5605f0e4583683935528697fe642d58af9e"
"md","validation-render","gds","gds/workflows/2-design/gds-gdd/references/validation-render.md","febf3bbfae0b2679161584a8b5bfd7339c0fab7d2fec6ee78fd3c1f7f2d51e5c"
"md","visual-novel","gds","gds/workflows/2-design/gds-gdd/assets/game-types/visual-novel.md","2d98f4c682f0abbd6330ac1bad04600c596e6b27302adbe9510fc0c0bf53052c"
"md","workflow-market-research","gds","gds/workflows/1-preproduction/research/workflow-market-research.md","6e0e3ce6218356e16ccb4f1ee1b01012857940838d13fcc6b48c1a73cc2ddf81"
"md","workflow-technical-research","gds","gds/workflows/1-preproduction/research/workflow-technical-research.md","5d1df56505d4c1532d8d3965a1e72a2d82038d1d670f3fecc0d9c26e221ec287"
"md","write-document","gds","gds/agents/gds-agent-tech-writer/write-document.md","d76084c9a1b2da01960819b1daa1714c8580f13005d2ea1e0bb9f94ef9005e8d"
"py","render-validation-html","gds","gds/workflows/2-design/gds-gdd/scripts/render-validation-html.py","f723253b15798fed70bd047985671049fd176836d7381904c34dab6ac40d8150"
"toml","customize","gds","gds/agents/gds-agent-game-architect/customize.toml","ee5d66606f7b21c5b387ae53f044f227b45fc4304e78d7435067d640f990e80b"
"toml","customize","gds","gds/agents/gds-agent-game-designer/customize.toml","da5c61b00560271fbb0f545aa54a25f50b88545a0646704cfe893d88fffe62c6"
"toml","customize","gds","gds/agents/gds-agent-game-dev/customize.toml","65b1423f884c8b499707ab55106f9847233bd64e983aa23d284bfffb9e5ba8ce"
"toml","customize","gds","gds/agents/gds-agent-game-solo-dev/customize.toml","4234f94325f50cab2682e560c81c564c7a5bd819832a431af5d80ff733b660a4"
"toml","customize","gds","gds/agents/gds-agent-tech-writer/customize.toml","c43aa8d249391d9e9808b586c6197fe38d73fc24f67e96de297630a56c779286"
"toml","customize","gds","gds/workflows/1-preproduction/gds-brainstorm-game/customize.toml","48ec10a5c4d1a85f12360e575eb0675724bdb85af1ecc24098517851a2f42648"
"toml","customize","gds","gds/workflows/1-preproduction/gds-create-game-brief/customize.toml","399a486e100ef7fbf01cf3050d243eb32dbcbea7f059824dc74a75a402f53804"
"toml","customize","gds","gds/workflows/1-preproduction/research/gds-domain-research/customize.toml","ad4ffc150d65875648b5e06dafd270312a0ebfb510015db63e58fc007c6eba24"
"toml","customize","gds","gds/workflows/2-design/gds-create-narrative/customize.toml","3dea1e50260a94e009b6e71c9c7fabbec3c793d6194268e89d1cf227d9803ecb"
"toml","customize","gds","gds/workflows/2-design/gds-gdd/customize.toml","ffd23ab5fea8c512d988127007fa365545be560e6f9571eea3d05e495d40c177"
"toml","customize","gds","gds/workflows/2-design/gds-prd/customize.toml","ef3c88805ee65fde273d8f117869724a63fc02ff940d7bfdf9b3c4e4cb1d7fca"
"toml","customize","gds","gds/workflows/2-design/gds-ux/customize.toml","abf81e5a71e44a26f77eb03967a3744c10819fb8c2a4cc6361f1ac474029abc7"
"toml","customize","gds","gds/workflows/3-technical/gds-check-implementation-readiness/customize.toml","7856f7bae3db9cf940d59e2638beecb05ecff045354f218dcf03775f457106ca"
"toml","customize","gds","gds/workflows/3-technical/gds-create-epics-and-stories/customize.toml","5b5086ea0f98e5c0a0006319bbf6024c10282594991b1a156777cd8607452692"
"toml","customize","gds","gds/workflows/3-technical/gds-game-architecture/customize.toml","96d942c535e86f681a23b46f965c13e98c5cdffe2a45a88489908f34fdb98257"
"toml","customize","gds","gds/workflows/3-technical/gds-generate-project-context/customize.toml","d15e0babe1181f09a7a4ecf852d70a0451bc704c9c9fea5bf5aba2810c569d7e"
"toml","customize","gds","gds/workflows/4-production/gds-code-review/customize.toml","79083797dced14169dde50755d638e4f37d734b56a293398bb0b471c50490d8d"
"toml","customize","gds","gds/workflows/4-production/gds-correct-course/customize.toml","3883c33ae110c885e0695bf2d699af4952df5e2a89da583feb5a228b3b1742d9"
"toml","customize","gds","gds/workflows/4-production/gds-create-story/customize.toml","3c6f6044e1639471e41a490538e8bab0491f1480f445a350bfc5db5f225e5ebd"
"toml","customize","gds","gds/workflows/4-production/gds-dev-story/customize.toml","9c99ff3126ebb216b2c71c6658252fdde3aed21f6d3699624ad2cc0fd819f12e"
"toml","customize","gds","gds/workflows/4-production/gds-investigate/customize.toml","ad57c563450f04aeb6ff5462392317e82a060738dd05e77e9602adc2ab744ad6"
"toml","customize","gds","gds/workflows/4-production/gds-retrospective/customize.toml","a6d04a76f5f8a1f8a0a5f863371afffa692b08bcc31f916c13262a4ffbcd7a75"
"toml","customize","gds","gds/workflows/4-production/gds-sprint-planning/customize.toml","c2623b5c6a2b9f66d2d61ae249a5e374a5cbe8e50e25b443d087436c4efaed09"
"toml","customize","gds","gds/workflows/4-production/gds-sprint-status/customize.toml","47486387ee92fa2e9fedaf851ee610e22f716d4e5745af2babbdab62b139f1f0"
"toml","customize","gds","gds/workflows/gametest/gds-e2e-scaffold/customize.toml","14aa8c44becfa7d2772fa198f1a4f3a5ed8a92f3c5c8caf0d2be9c43e3e06504"
"toml","customize","gds","gds/workflows/gametest/gds-performance-test/customize.toml","c72165049f9d9e28edfa62b67f929f39918b14c22a0bb789366c4490a8d045c7"
"toml","customize","gds","gds/workflows/gametest/gds-playtest-plan/customize.toml","70128db6f670813eeb8256acc1082e547c2669ab2e752e7592d11d05914025ec"
"toml","customize","gds","gds/workflows/gametest/gds-test-automate/customize.toml","25c6e4ab6f6b04594815d81fd61053a4c6b82666dae0b6e15bdb9b2da93a530b"
"toml","customize","gds","gds/workflows/gametest/gds-test-design/customize.toml","274c09ca7ac03c156ec8a3c912f954f9f72087f2589f9c4fb946b97c45687404"
"toml","customize","gds","gds/workflows/gametest/gds-test-framework/customize.toml","942bed1c94455b3c1c8f8b925539fd9e1c9c4b8154386fc89ac05a774ba79700"
"toml","customize","gds","gds/workflows/gametest/gds-test-review/customize.toml","c4b2cc796b3e8e9c0fbfc3043c6909917c762f22ca84847ae92f215efc7734f7"
"toml","customize","gds","gds/workflows/gds-document-project/customize.toml","2fb9537197001693419c4751170b8ec7ea9abbbf09f0088bbddc21541bb56466"
"toml","customize","gds","gds/workflows/gds-quick-flow/gds-quick-dev/customize.toml","8e0ee7b128c5a77971f370d3f03180159e1698863884d5f3f04fc990ecfd35e3"
"yaml","architecture-patterns","gds","gds/workflows/3-technical/gds-game-architecture/architecture-patterns.yaml","c3501a3b5e8a9a18f369fead0f77d703c18085a7f68ecbc5b835a9daccd5f0e8"
"yaml","config","gds","gds/config.yaml","7657af49739b2d33d20b2b97960f4a5d7f97758c6798bf1d44b9362ed7f9c27f"
"yaml","decision-catalog","gds","gds/workflows/3-technical/gds-game-architecture/decision-catalog.yaml","dd1b0427869ba4349806b3244c32e5a8c7ce37bf7b0a4638022ce2b191985c99"
"yaml","engine-mcps","gds","gds/workflows/3-technical/gds-game-architecture/engine-mcps.yaml","bfe7c7567946afe8ea11d79125512c7113cddc803ee24692a29ade5edb0523d4"
"yaml","sprint-status-template","gds","gds/workflows/4-production/gds-sprint-planning/sprint-status-template.yaml","0d7fe922f21d4f00e538c265ff90e470c3e2eca761e663d84b7a1320b2f25980"
"py","memlog","scripts","scripts/memlog.py","3b00f82ca33dc4227f715123b939514ee35c4f9c71150c894c3d8185df1b48df"
"py","resolve_config","scripts","scripts/resolve_config.py","f41149160898aea80a12861d149b10dc6b2d2b69d7d97eb65cad01f368adac03"
"py","resolve_customization","scripts","scripts/resolve_customization.py","23fb9040b08c7eb975aeabc4245ef50e158516f5082eebc9ae41700641338498"
